patch_id,choice,custom_back,custom_flags,notes
BP0001,docker_safe,,,bulk docker_safe approved by Andrea
BP0002,docker_safe,,,bulk docker_safe approved by Andrea
BP0003,docker_safe,,,bulk docker_safe approved by Andrea
BP0004,docker_safe,,,bulk docker_safe approved by Andrea
BP0005,docker_safe,,,bulk docker_safe approved by Andrea
BP0006,docker_safe,,,bulk docker_safe approved by Andrea
BP0007,docker_safe,,,bulk docker_safe approved by Andrea
BP0008,docker_safe,,,bulk docker_safe approved by Andrea
BP0009,docker_safe,,,bulk docker_safe approved by Andrea
BP0010,docker_safe,,,bulk docker_safe approved by Andrea
BP0011,docker_safe,,,bulk docker_safe approved by Andrea
BP0012,docker_safe,,,bulk docker_safe approved by Andrea
BP0013,docker_safe,,,bulk docker_safe approved by Andrea
BP0014,docker_safe,,,bulk docker_safe approved by Andrea
BP0015,docker_safe,,,bulk docker_safe approved by Andrea
BP0016,docker_safe,,,bulk docker_safe approved by Andrea
BP0017,docker_safe,,,bulk docker_safe approved by Andrea
BP0018,docker_safe,,,bulk docker_safe approved by Andrea
BP0019,docker_safe,,,bulk docker_safe approved by Andrea
BP0020,docker_safe,,,bulk docker_safe approved by Andrea
BP0021,docker_safe,,,bulk docker_safe approved by Andrea
BP0022,docker_safe,,,bulk docker_safe approved by Andrea
BP0023,docker_safe,,,bulk docker_safe approved by Andrea
BP0024,docker_safe,,,bulk docker_safe approved by Andrea
BP0025,docker_safe,,,bulk docker_safe approved by Andrea
BP0026,docker_safe,,,bulk docker_safe approved by Andrea
BP0027,docker_safe,,,bulk docker_safe approved by Andrea
BP0028,docker_safe,,,bulk docker_safe approved by Andrea
BP0029,docker_safe,,,bulk docker_safe approved by Andrea
BP0030,docker_safe,,,bulk docker_safe approved by Andrea
BP0031,docker_safe,,,bulk docker_safe approved by Andrea
BP0032,docker_safe,,,bulk docker_safe approved by Andrea
BP0033,docker_safe,,,bulk docker_safe approved by Andrea
BP0034,docker_safe,,,bulk docker_safe approved by Andrea
BP0035,docker_safe,,,bulk docker_safe approved by Andrea
BP0036,docker_safe,,,bulk docker_safe approved by Andrea
BP0037,docker_safe,,,bulk docker_safe approved by Andrea
BP0038,docker_safe,,,bulk docker_safe approved by Andrea
BP0039,docker_safe,,,bulk docker_safe approved by Andrea
BP0040,docker_safe,,,bulk docker_safe approved by Andrea
BP0041,docker_safe,,,bulk docker_safe approved by Andrea
BP0042,docker_safe,,,bulk docker_safe approved by Andrea
BP0043,docker_safe,,,bulk docker_safe approved by Andrea
BP0044,docker_safe,,,bulk docker_safe approved by Andrea
BP0045,docker_safe,,,bulk docker_safe approved by Andrea
BP0046,docker_safe,,,bulk docker_safe approved by Andrea
BP0047,docker_safe,,,bulk docker_safe approved by Andrea
BP0048,docker_safe,,,bulk docker_safe approved by Andrea
BP0049,docker_safe,,,bulk docker_safe approved by Andrea
BP0050,docker_safe,,,bulk docker_safe approved by Andrea
BP0051,docker_safe,,,bulk docker_safe approved by Andrea
BP0052,docker_safe,,,bulk docker_safe approved by Andrea
BP0053,docker_safe,,,bulk docker_safe approved by Andrea
BP0054,docker_safe,,,bulk docker_safe approved by Andrea
BP0055,docker_safe,,,bulk docker_safe approved by Andrea
BP0056,docker_safe,,,bulk docker_safe approved by Andrea
BP0057,docker_safe,,,bulk docker_safe approved by Andrea
BP0058,docker_safe,,,bulk docker_safe approved by Andrea
BP0059,docker_safe,,,bulk docker_safe approved by Andrea
BP0060,docker_safe,,,bulk docker_safe approved by Andrea
BP0061,docker_safe,,,bulk docker_safe approved by Andrea
BP0062,docker_safe,,,bulk docker_safe approved by Andrea
BP0063,docker_safe,,,bulk docker_safe approved by Andrea
BP0064,docker_safe,,,bulk docker_safe approved by Andrea
BP0065,docker_safe,,,bulk docker_safe approved by Andrea
BP0066,docker_safe,,,bulk docker_safe approved by Andrea
BP0067,docker_safe,,,bulk docker_safe approved by Andrea
BP0068,docker_safe,,,bulk docker_safe approved by Andrea
BP0069,docker_safe,,,bulk docker_safe approved by Andrea
BP0070,docker_safe,,,bulk docker_safe approved by Andrea
BP0071,docker_safe,,,bulk docker_safe approved by Andrea
BP0072,docker_safe,,,bulk docker_safe approved by Andrea
BP0073,docker_safe,,,bulk docker_safe approved by Andrea
BP0074,docker_safe,,,bulk docker_safe approved by Andrea
BP0075,docker_safe,,,bulk docker_safe approved by Andrea
BP0076,docker_safe,,,bulk docker_safe approved by Andrea
BP0077,docker_safe,,,bulk docker_safe approved by Andrea
BP0078,docker_safe,,,bulk docker_safe approved by Andrea
BP0079,docker_safe,,,bulk docker_safe approved by Andrea
BP0080,docker_safe,,,bulk docker_safe approved by Andrea
BP0081,docker_safe,,,bulk docker_safe approved by Andrea
BP0082,docker_safe,,,bulk docker_safe approved by Andrea
BP0083,docker_safe,,,bulk docker_safe approved by Andrea
BP0084,docker_safe,,,bulk docker_safe approved by Andrea
BP0085,docker_safe,,,bulk docker_safe approved by Andrea
BP0086,docker_safe,,,bulk docker_safe approved by Andrea
BP0087,docker_safe,,,bulk docker_safe approved by Andrea
BP0088,docker_safe,,,bulk docker_safe approved by Andrea
BP0089,docker_safe,,,bulk docker_safe approved by Andrea
BP0090,docker_safe,,,bulk docker_safe approved by Andrea
BP0091,docker_safe,,,bulk docker_safe approved by Andrea
BP0092,docker_safe,,,bulk docker_safe approved by Andrea
BP0093,docker_safe,,,bulk docker_safe approved by Andrea
BP0094,docker_safe,,,bulk docker_safe approved by Andrea
BP0095,docker_safe,,,bulk docker_safe approved by Andrea
BP0096,docker_safe,,,bulk docker_safe approved by Andrea
BP0097,docker_safe,,,bulk docker_safe approved by Andrea
BP0098,docker_safe,,,bulk docker_safe approved by Andrea
BP0099,docker_safe,,,bulk docker_safe approved by Andrea
BP0100,docker_safe,,,bulk docker_safe approved by Andrea
BP0101,docker_safe,,,bulk docker_safe approved by Andrea
BP0102,docker_safe,,,bulk docker_safe approved by Andrea
BP0103,docker_safe,,,bulk docker_safe approved by Andrea
BP0104,docker_safe,,,bulk docker_safe approved by Andrea
BP0105,docker_safe,,,bulk docker_safe approved by Andrea
BP0106,docker_safe,,,bulk docker_safe approved by Andrea
BP0107,docker_safe,,,bulk docker_safe approved by Andrea
BP0108,docker_safe,,,bulk docker_safe approved by Andrea
BP0109,docker_safe,,,bulk docker_safe approved by Andrea
BP0110,docker_safe,,,bulk docker_safe approved by Andrea
BP0111,docker_safe,,,bulk docker_safe approved by Andrea
BP0112,docker_safe,,,bulk docker_safe approved by Andrea
BP0113,docker_safe,,,bulk docker_safe approved by Andrea
BP0114,docker_safe,,,bulk docker_safe approved by Andrea
BP0115,docker_safe,,,bulk docker_safe approved by Andrea
BP0116,docker_safe,,,bulk docker_safe approved by Andrea
BP0117,docker_safe,,,bulk docker_safe approved by Andrea
BP0118,docker_safe,,,bulk docker_safe approved by Andrea
BP0119,docker_safe,,,bulk docker_safe approved by Andrea
BP0120,docker_safe,,,bulk docker_safe approved by Andrea
BP0121,docker_safe,,,bulk docker_safe approved by Andrea
BP0122,docker_safe,,,bulk docker_safe approved by Andrea
BP0123,docker_safe,,,bulk docker_safe approved by Andrea
BP0124,docker_safe,,,bulk docker_safe approved by Andrea
BP0125,docker_safe,,,bulk docker_safe approved by Andrea
BP0126,docker_safe,,,bulk docker_safe approved by Andrea
BP0127,docker_safe,,,bulk docker_safe approved by Andrea
BP0128,docker_safe,,,bulk docker_safe approved by Andrea
BP0129,docker_safe,,,bulk docker_safe approved by Andrea
BP0130,docker_safe,,,bulk docker_safe approved by Andrea
BP0131,docker_safe,,,bulk docker_safe approved by Andrea
BP0132,docker_safe,,,bulk docker_safe approved by Andrea
BP0133,docker_safe,,,bulk docker_safe approved by Andrea
BP0134,docker_safe,,,bulk docker_safe approved by Andrea
BP0135,docker_safe,,,bulk docker_safe approved by Andrea
BP0136,docker_safe,,,bulk docker_safe approved by Andrea
BP0137,docker_safe,,,bulk docker_safe approved by Andrea
BP0138,docker_safe,,,bulk docker_safe approved by Andrea
BP0139,docker_safe,,,bulk docker_safe approved by Andrea
BP0140,docker_safe,,,bulk docker_safe approved by Andrea
BP0141,docker_safe,,,bulk docker_safe approved by Andrea
BP0142,docker_safe,,,bulk docker_safe approved by Andrea
BP0143,docker_safe,,,bulk docker_safe approved by Andrea
BP0144,docker_safe,,,bulk docker_safe approved by Andrea
BP0145,docker_safe,,,bulk docker_safe approved by Andrea
BP0146,docker_safe,,,bulk docker_safe approved by Andrea
BP0147,docker_safe,,,bulk docker_safe approved by Andrea
BP0148,docker_safe,,,bulk docker_safe approved by Andrea
BP0149,docker_safe,,,bulk docker_safe approved by Andrea
BP0150,docker_safe,,,bulk docker_safe approved by Andrea
BP0151,docker_safe,,,bulk docker_safe approved by Andrea
BP0152,docker_safe,,,bulk docker_safe approved by Andrea
BP0153,docker_safe,,,bulk docker_safe approved by Andrea
BP0154,docker_safe,,,bulk docker_safe approved by Andrea
BP0155,docker_safe,,,bulk docker_safe approved by Andrea
BP0156,docker_safe,,,bulk docker_safe approved by Andrea
BP0157,docker_safe,,,bulk docker_safe approved by Andrea
BP0158,docker_safe,,,bulk docker_safe approved by Andrea
BP0159,docker_safe,,,bulk docker_safe approved by Andrea
BP0160,docker_safe,,,bulk docker_safe approved by Andrea
BP0161,docker_safe,,,bulk docker_safe approved by Andrea
BP0162,docker_safe,,,bulk docker_safe approved by Andrea
BP0163,docker_safe,,,bulk docker_safe approved by Andrea
BP0164,docker_safe,,,bulk docker_safe approved by Andrea
BP0165,docker_safe,,,bulk docker_safe approved by Andrea
BP0166,docker_safe,,,bulk docker_safe approved by Andrea
BP0167,docker_safe,,,bulk docker_safe approved by Andrea
BP0168,docker_safe,,,bulk docker_safe approved by Andrea
BP0169,docker_safe,,,bulk docker_safe approved by Andrea
BP0170,docker_safe,,,bulk docker_safe approved by Andrea
BP0171,docker_safe,,,bulk docker_safe approved by Andrea
BP0172,docker_safe,,,bulk docker_safe approved by Andrea
BP0173,docker_safe,,,bulk docker_safe approved by Andrea
BP0174,docker_safe,,,bulk docker_safe approved by Andrea
BP0175,docker_safe,,,bulk docker_safe approved by Andrea
BP0176,docker_safe,,,bulk docker_safe approved by Andrea
BP0177,docker_safe,,,bulk docker_safe approved by Andrea
BP0178,docker_safe,,,bulk docker_safe approved by Andrea
BP0179,docker_safe,,,bulk docker_safe approved by Andrea
BP0180,docker_safe,,,bulk docker_safe approved by Andrea
BP0181,docker_safe,,,bulk docker_safe approved by Andrea
BP0182,docker_safe,,,bulk docker_safe approved by Andrea
BP0183,docker_safe,,,bulk docker_safe approved by Andrea
BP0184,docker_safe,,,bulk docker_safe approved by Andrea
BP0185,docker_safe,,,bulk docker_safe approved by Andrea
BP0186,docker_safe,,,bulk docker_safe approved by Andrea
BP0187,docker_safe,,,bulk docker_safe approved by Andrea
BP0188,docker_safe,,,bulk docker_safe approved by Andrea
BP0189,docker_safe,,,bulk docker_safe approved by Andrea
BP0190,docker_safe,,,bulk docker_safe approved by Andrea
BP0191,docker_safe,,,bulk docker_safe approved by Andrea
BP0192,docker_safe,,,bulk docker_safe approved by Andrea
BP0193,docker_safe,,,bulk docker_safe approved by Andrea
BP0194,docker_safe,,,bulk docker_safe approved by Andrea
BP0195,docker_safe,,,bulk docker_safe approved by Andrea
BP0196,docker_safe,,,bulk docker_safe approved by Andrea
BP0197,docker_safe,,,bulk docker_safe approved by Andrea
BP0198,docker_safe,,,bulk docker_safe approved by Andrea
BP0199,docker_safe,,,bulk docker_safe approved by Andrea
BP0200,docker_safe,,,bulk docker_safe approved by Andrea
BP0201,docker_safe,,,bulk docker_safe approved by Andrea
BP0202,docker_safe,,,bulk docker_safe approved by Andrea
BP0203,docker_safe,,,bulk docker_safe approved by Andrea
BP0204,docker_safe,,,bulk docker_safe approved by Andrea
BP0205,docker_safe,,,bulk docker_safe approved by Andrea
BP0206,docker_safe,,,bulk docker_safe approved by Andrea
BP0207,docker_safe,,,bulk docker_safe approved by Andrea
BP0208,docker_safe,,,bulk docker_safe approved by Andrea
BP0209,docker_safe,,,bulk docker_safe approved by Andrea
BP0210,docker_safe,,,bulk docker_safe approved by Andrea
BP0211,docker_safe,,,bulk docker_safe approved by Andrea
BP0212,docker_safe,,,bulk docker_safe approved by Andrea
BP0213,docker_safe,,,bulk docker_safe approved by Andrea
BP0214,docker_safe,,,bulk docker_safe approved by Andrea
BP0215,docker_safe,,,bulk docker_safe approved by Andrea
BP0216,docker_safe,,,bulk docker_safe approved by Andrea
BP0217,docker_safe,,,bulk docker_safe approved by Andrea
BP0218,docker_safe,,,bulk docker_safe approved by Andrea
BP0219,docker_safe,,,bulk docker_safe approved by Andrea
BP0220,docker_safe,,,bulk docker_safe approved by Andrea
BP0221,docker_safe,,,bulk docker_safe approved by Andrea
BP0222,docker_safe,,,bulk docker_safe approved by Andrea
BP0223,docker_safe,,,bulk docker_safe approved by Andrea
BP0224,docker_safe,,,bulk docker_safe approved by Andrea
BP0225,docker_safe,,,bulk docker_safe approved by Andrea
BP0226,docker_safe,,,bulk docker_safe approved by Andrea
BP0227,docker_safe,,,bulk docker_safe approved by Andrea
BP0228,docker_safe,,,bulk docker_safe approved by Andrea
BP0229,docker_safe,,,bulk docker_safe approved by Andrea
BP0230,docker_safe,,,bulk docker_safe approved by Andrea
BP0231,docker_safe,,,bulk docker_safe approved by Andrea
BP0232,docker_safe,,,bulk docker_safe approved by Andrea
BP0233,docker_safe,,,bulk docker_safe approved by Andrea
BP0234,docker_safe,,,bulk docker_safe approved by Andrea
BP0235,docker_safe,,,bulk docker_safe approved by Andrea
BP0236,docker_safe,,,bulk docker_safe approved by Andrea
BP0237,docker_safe,,,bulk docker_safe approved by Andrea
BP0238,docker_safe,,,bulk docker_safe approved by Andrea
BP0239,docker_safe,,,bulk docker_safe approved by Andrea
BP0240,docker_safe,,,bulk docker_safe approved by Andrea
BP0241,docker_safe,,,bulk docker_safe approved by Andrea
BP0242,docker_safe,,,bulk docker_safe approved by Andrea
BP0243,docker_safe,,,bulk docker_safe approved by Andrea
BP0244,docker_safe,,,bulk docker_safe approved by Andrea
BP0245,docker_safe,,,bulk docker_safe approved by Andrea
BP0246,docker_safe,,,bulk docker_safe approved by Andrea
BP0247,docker_safe,,,bulk docker_safe approved by Andrea
BP0248,docker_safe,,,bulk docker_safe approved by Andrea
BP0249,docker_safe,,,bulk docker_safe approved by Andrea
BP0250,docker_safe,,,bulk docker_safe approved by Andrea
BP0251,docker_safe,,,bulk docker_safe approved by Andrea
BP0252,docker_safe,,,bulk docker_safe approved by Andrea
BP0253,docker_safe,,,bulk docker_safe approved by Andrea
BP0254,docker_safe,,,bulk docker_safe approved by Andrea
BP0255,docker_safe,,,bulk docker_safe approved by Andrea
BP0256,docker_safe,,,bulk docker_safe approved by Andrea
BP0257,docker_safe,,,bulk docker_safe approved by Andrea
BP0258,docker_safe,,,bulk docker_safe approved by Andrea
BP0259,docker_safe,,,bulk docker_safe approved by Andrea
BP0260,docker_safe,,,bulk docker_safe approved by Andrea
BP0261,docker_safe,,,bulk docker_safe approved by Andrea
BP0262,docker_safe,,,bulk docker_safe approved by Andrea
BP0263,docker_safe,,,bulk docker_safe approved by Andrea
BP0264,docker_safe,,,bulk docker_safe approved by Andrea
BP0265,docker_safe,,,bulk docker_safe approved by Andrea
BP0266,docker_safe,,,bulk docker_safe approved by Andrea
BP0267,docker_safe,,,bulk docker_safe approved by Andrea
BP0268,docker_safe,,,bulk docker_safe approved by Andrea
BP0269,docker_safe,,,bulk docker_safe approved by Andrea
BP0270,docker_safe,,,bulk docker_safe approved by Andrea
BP0271,docker_safe,,,bulk docker_safe approved by Andrea
BP0272,docker_safe,,,bulk docker_safe approved by Andrea
BP0273,docker_safe,,,bulk docker_safe approved by Andrea
BP0274,docker_safe,,,bulk docker_safe approved by Andrea
BP0275,docker_safe,,,bulk docker_safe approved by Andrea
BP0276,docker_safe,,,bulk docker_safe approved by Andrea
BP0277,docker_safe,,,bulk docker_safe approved by Andrea
BP0278,docker_safe,,,bulk docker_safe approved by Andrea
BP0279,docker_safe,,,bulk docker_safe approved by Andrea
BP0280,docker_safe,,,bulk docker_safe approved by Andrea
BP0281,docker_safe,,,bulk docker_safe approved by Andrea
BP0282,docker_safe,,,bulk docker_safe approved by Andrea
BP0283,docker_safe,,,bulk docker_safe approved by Andrea
BP0284,docker_safe,,,bulk docker_safe approved by Andrea
BP0285,docker_safe,,,bulk docker_safe approved by Andrea
BP0286,docker_safe,,,bulk docker_safe approved by Andrea
BP0287,docker_safe,,,bulk docker_safe approved by Andrea
BP0288,docker_safe,,,bulk docker_safe approved by Andrea
BP0289,docker_safe,,,bulk docker_safe approved by Andrea
BP0290,docker_safe,,,bulk docker_safe approved by Andrea
BP0291,docker_safe,,,bulk docker_safe approved by Andrea
BP0292,docker_safe,,,bulk docker_safe approved by Andrea
BP0293,docker_safe,,,bulk docker_safe approved by Andrea
BP0294,docker_safe,,,bulk docker_safe approved by Andrea
BP0295,docker_safe,,,bulk docker_safe approved by Andrea
BP0296,docker_safe,,,bulk docker_safe approved by Andrea
BP0297,docker_safe,,,bulk docker_safe approved by Andrea
BP0298,docker_safe,,,bulk docker_safe approved by Andrea
BP0299,docker_safe,,,bulk docker_safe approved by Andrea
BP0300,docker_safe,,,bulk docker_safe approved by Andrea
BP0301,docker_safe,,,bulk docker_safe approved by Andrea
BP0302,docker_safe,,,bulk docker_safe approved by Andrea
BP0303,docker_safe,,,bulk docker_safe approved by Andrea
BP0304,docker_safe,,,bulk docker_safe approved by Andrea
BP0305,docker_safe,,,bulk docker_safe approved by Andrea
BP0306,docker_safe,,,bulk docker_safe approved by Andrea
BP0307,docker_safe,,,bulk docker_safe approved by Andrea
BP0308,docker_safe,,,bulk docker_safe approved by Andrea
BP0309,docker_safe,,,bulk docker_safe approved by Andrea
BP0310,docker_safe,,,bulk docker_safe approved by Andrea
BP0311,docker_safe,,,bulk docker_safe approved by Andrea
BP0312,docker_safe,,,bulk docker_safe approved by Andrea
BP0313,docker_safe,,,bulk docker_safe approved by Andrea
BP0314,docker_safe,,,bulk docker_safe approved by Andrea
BP0315,docker_safe,,,bulk docker_safe approved by Andrea
BP0316,docker_safe,,,bulk docker_safe approved by Andrea
BP0317,docker_safe,,,bulk docker_safe approved by Andrea
BP0318,docker_safe,,,bulk docker_safe approved by Andrea
BP0319,docker_safe,,,bulk docker_safe approved by Andrea
BP0320,docker_safe,,,bulk docker_safe approved by Andrea
BP0321,docker_safe,,,bulk docker_safe approved by Andrea
BP0322,docker_safe,,,bulk docker_safe approved by Andrea
BP0323,docker_safe,,,bulk docker_safe approved by Andrea
BP0324,docker_safe,,,bulk docker_safe approved by Andrea
BP0325,docker_safe,,,bulk docker_safe approved by Andrea
BP0326,docker_safe,,,bulk docker_safe approved by Andrea
BP0327,docker_safe,,,bulk docker_safe approved by Andrea
BP0328,docker_safe,,,bulk docker_safe approved by Andrea
BP0329,docker_safe,,,bulk docker_safe approved by Andrea
BP0330,docker_safe,,,bulk docker_safe approved by Andrea
BP0331,docker_safe,,,bulk docker_safe approved by Andrea
BP0332,docker_safe,,,bulk docker_safe approved by Andrea
BP0333,docker_safe,,,bulk docker_safe approved by Andrea
BP0334,docker_safe,,,bulk docker_safe approved by Andrea
BP0335,docker_safe,,,bulk docker_safe approved by Andrea
BP0336,docker_safe,,,bulk docker_safe approved by Andrea
BP0337,docker_safe,,,bulk docker_safe approved by Andrea
BP0338,docker_safe,,,bulk docker_safe approved by Andrea
BP0339,docker_safe,,,bulk docker_safe approved by Andrea
BP0340,docker_safe,,,bulk docker_safe approved by Andrea
BP0341,docker_safe,,,bulk docker_safe approved by Andrea
BP0342,docker_safe,,,bulk docker_safe approved by Andrea
BP0343,docker_safe,,,bulk docker_safe approved by Andrea
BP0344,docker_safe,,,bulk docker_safe approved by Andrea
BP0345,docker_safe,,,bulk docker_safe approved by Andrea
BP0346,docker_safe,,,bulk docker_safe approved by Andrea
BP0347,docker_safe,,,bulk docker_safe approved by Andrea
BP0348,docker_safe,,,bulk docker_safe approved by Andrea
BP0349,docker_safe,,,bulk docker_safe approved by Andrea
BP0350,docker_safe,,,bulk docker_safe approved by Andrea
BP0351,docker_safe,,,bulk docker_safe approved by Andrea
BP0352,docker_safe,,,bulk docker_safe approved by Andrea
BP0353,docker_safe,,,bulk docker_safe approved by Andrea
BP0354,docker_safe,,,bulk docker_safe approved by Andrea
BP0355,docker_safe,,,bulk docker_safe approved by Andrea
BP0356,docker_safe,,,bulk docker_safe approved by Andrea
BP0357,docker_safe,,,bulk docker_safe approved by Andrea
BP0358,docker_safe,,,bulk docker_safe approved by Andrea
BP0359,docker_safe,,,bulk docker_safe approved by Andrea
BP0360,docker_safe,,,bulk docker_safe approved by Andrea
BP0361,docker_safe,,,bulk docker_safe approved by Andrea
BP0362,docker_safe,,,bulk docker_safe approved by Andrea
BP0363,docker_safe,,,bulk docker_safe approved by Andrea
BP0364,docker_safe,,,bulk docker_safe approved by Andrea
BP0365,docker_safe,,,bulk docker_safe approved by Andrea
BP0366,docker_safe,,,bulk docker_safe approved by Andrea
BP0367,docker_safe,,,bulk docker_safe approved by Andrea
BP0368,docker_safe,,,bulk docker_safe approved by Andrea
BP0369,docker_safe,,,bulk docker_safe approved by Andrea
BP0370,docker_safe,,,bulk docker_safe approved by Andrea
BP0371,docker_safe,,,bulk docker_safe approved by Andrea
BP0372,docker_safe,,,bulk docker_safe approved by Andrea
BP0373,docker_safe,,,bulk docker_safe approved by Andrea
BP0374,docker_safe,,,bulk docker_safe approved by Andrea
BP0375,docker_safe,,,bulk docker_safe approved by Andrea
BP0376,docker_safe,,,bulk docker_safe approved by Andrea
BP0377,docker_safe,,,bulk docker_safe approved by Andrea
BP0378,docker_safe,,,bulk docker_safe approved by Andrea
BP0379,docker_safe,,,bulk docker_safe approved by Andrea
BP0380,docker_safe,,,bulk docker_safe approved by Andrea
BP0381,docker_safe,,,bulk docker_safe approved by Andrea
BP0382,docker_safe,,,bulk docker_safe approved by Andrea
BP0383,docker_safe,,,bulk docker_safe approved by Andrea
BP0384,docker_safe,,,bulk docker_safe approved by Andrea
BP0385,docker_safe,,,bulk docker_safe approved by Andrea
BP0386,docker_safe,,,bulk docker_safe approved by Andrea
BP0387,docker_safe,,,bulk docker_safe approved by Andrea
BP0388,docker_safe,,,bulk docker_safe approved by Andrea
BP0389,docker_safe,,,bulk docker_safe approved by Andrea
BP0390,docker_safe,,,bulk docker_safe approved by Andrea
