patch_id,audit_row_number,deck,citizen_level,source_row,front,front_original,back_original,current_back,current_flags,docker_safe_back,docker_safe_flags,docker_final_back,docker_final_flags,recommended_choice,choice,custom_back,custom_flags,notes
BP0001,10152,Blue,6,1,להניח,להניח,to put,to put,needs_italian_review,mettere; posare,,mettere; posare,semantic_review,docker_safe,,,,
BP0002,10153,Blue,6,2,מבצע,מבצע,operation,operation,needs_italian_review,operazione (f.); azione (f.),,,missing_from_docker_final,docker_safe,,,,
BP0003,10154,Blue,6,3,מבוכה,מבוכה,embarrassment,embarrassment,needs_italian_review,imbarazzo (m.); confusione (f.),,imbarazzo (m.); confusione (f.),semantic_review,docker_safe,,,,
BP0004,10155,Blue,6,4,פינוק,פינוק,indulgence,indulgence,needs_italian_review,indulgenza (f.); gratificazione (f.),,,missing_from_docker_final,docker_safe,,,,
BP0005,10157,Blue,6,6,עומק,עומק,depth,depth,needs_italian_review,profondità (f.),,profondità (f.),semantic_review,docker_safe,,,,
BP0006,10158,Blue,6,7,לנחש,לנחש,to guess,to guess,needs_italian_review,indovinare; supporre,,indovinare; supporre,semantic_review,docker_safe,,,,
BP0007,10159,Blue,6,8,לשקוע,לשקוע,to sink,to sink,needs_italian_review,affondare; sprofondare,,affondare; sprofondare,semantic_review,docker_safe,,,,
BP0008,10160,Blue,6,9,לשלוט,לשלוט,to control,to control,needs_italian_review,controllare; dominare,,controllare; dominare,semantic_review,docker_safe,,,,
BP0009,10161,Blue,6,10,להסיע,להסיע,to drive someone,to drive someone,needs_italian_review,guidare qualcuno; condurre qualcuno,,,missing_from_docker_final,docker_safe,,,,
BP0010,10162,Blue,6,11,לשאוב אבק,לשאוב אבק,to vacuum,to vacuum,needs_italian_review,aspirare; pulire con l'aspirapolvere,,aspirare; pulire con l'aspirapolvere,semantic_review,docker_safe,,,,
BP0011,10163,Blue,6,12,עומס,עומס,burden,burden,needs_italian_review,carico (m.); peso (m.),,carico,,docker_safe,,,,
BP0012,10164,Blue,6,13,לארח,לארח,to host,to host,needs_italian_review,ospitare; alloggiare,,ospitare; alloggiare,semantic_review,docker_safe,,,,
BP0013,10165,Blue,6,14,להתארח,להתארח,to be hosted,to be hosted,needs_italian_review,essere ospitato; alloggiare,,essere ospitato; alloggiare,semantic_review,docker_safe,,,,
BP0014,10166,Blue,6,15,לשכנע,לשכנע,to convince,to convince,needs_italian_review,convincere; persuadere,,convincere; persuadere,semantic_review,docker_safe,,,,
BP0015,10167,Blue,6,16,בועה,בועה,bubble,bubble,needs_italian_review,bolla (f.); bollicina (f.),,bolla,,docker_safe,,,,
BP0016,10168,Blue,6,17,להאשים,להאשים,to accuse,to accuse,needs_italian_review,accusare; imputare,,accusare; imputare,semantic_review,docker_safe,,,,
BP0017,10169,Blue,6,18,תמיכה,תמיכה,support,support,needs_italian_review,supporto (m.); sostegno (m.); appoggio (m.),,supporto,,docker_safe,,,,
BP0018,10170,Blue,6,19,להחזיר,להחזיר,to return something,to return something,needs_italian_review,restituire; ritornare,,,missing_from_docker_final,docker_safe,,,,
BP0019,10171,Blue,6,20,להסתיר,להסתיר,to hide something,to hide something,needs_italian_review,nascondere; occultare,,nascondere; occultare,semantic_review,docker_safe,,,,
BP0020,10172,Blue,6,21,לחשוף,לחשוף,to reveal,to reveal,needs_italian_review,rivelare; scoprire; mostrare,,,missing_from_docker_final,docker_safe,,,,
BP0021,10173,Blue,6,22,לגלות,לגלות,to find out,to find out,needs_italian_review,scoprire; venire a sapere,,,missing_from_docker_final,docker_safe,,,,
BP0022,10174,Blue,6,23,מתוח,מתוח,tense,tense,needs_italian_review,teso; rigido; tensione (f.),,teso,,docker_safe,,,,
BP0023,10175,Blue,6,24,להעיף,להעיף,to get rid of something,to get rid of something,needs_italian_review,sbarazzarsi di qualcosa; liberarsi,,sbarazzarsi di qualcosa; liberarsi,semantic_review,docker_safe,,,,
BP0024,10176,Blue,6,25,מהפיכה,מהפיכה,revolution,revolution,needs_italian_review,rivoluzione (f.); sovvertimento (m.),,rivoluzione,,docker_safe,,,,
BP0025,10177,Blue,6,26,ארנק,ארנק,wallet,wallet,needs_italian_review,portafoglio (m.); borsellino (m.),,,missing_from_docker_final,docker_safe,,,,
BP0026,10178,Blue,6,27,להתעלם,להתעלם,to ignore,to ignore,needs_italian_review,ignorare; non prestare attenzione,,ignorare; non prestare attenzione,semantic_review,docker_safe,,,,
BP0027,10179,Blue,6,28,נעלם,נעלם,disappeared,disappeared,needs_italian_review,scomparso; sparito,,scomparso,,docker_safe,,,,
BP0028,10180,Blue,6,29,לוודא,לוודא,to make sure,to make sure,needs_italian_review,assicurarsi; controllare; verificare,,assicurarsi; controllare; verificare,semantic_review,docker_safe,,,,
BP0029,10181,Blue,6,30,להמציא,להמציא,to invent,to invent,needs_italian_review,inventare; creare,,,missing_from_docker_final,docker_safe,,,,
BP0030,10182,Blue,6,31,תקציב,תקציב,budget,budget,needs_italian_review,bilancio (m.); budget (m.),,,missing_from_docker_final,docker_safe,,,,
BP0031,10183,Blue,6,32,לבכות,לבכות,to cry,to cry,needs_italian_review,gridare; piangere,,gridare; piangere,semantic_review,docker_safe,,,,
BP0032,10184,Blue,6,33,בוגד,בוגד,cheater,cheater,needs_italian_review,imbroglione (m.); truffatore (m.),,imbroglione,,docker_safe,,,,
BP0033,10185,Blue,6,34,לבהות,לבהות,to stare,to stare,needs_italian_review,fissare; guardare intensamente,,fissare; guardare intensamente,semantic_review,docker_safe,,,,
BP0034,10186,Blue,6,35,להזיע,להזיע,to sweat,to sweat,needs_italian_review,sudare; trasudare,,sudore,,docker_safe,,,,
BP0035,10187,Blue,6,36,ליתר בטחון,ליתר בטחון,to be on the safe side,to be on the safe side,needs_italian_review,stare al sicuro; non correre rischi,,stare al sicuro; non correre rischi,semantic_review,docker_safe,,,,
BP0036,10188,Blue,6,37,להרים,להרים,to lift,to lift,needs_italian_review,sollevare; alzare; innalzare,,,missing_from_docker_final,docker_safe,,,,
BP0037,10189,Blue,6,38,להתחלק,להתחלק,to share,to share,needs_italian_review,condividere; dividere,,condividere; dividere,semantic_review,docker_safe,,,,
BP0038,10190,Blue,6,39,פנים מול פנים,פנים מול פנים,Face to face,Face to face,needs_italian_review,faccia a faccia; vis-à-vis,,faccia,,docker_safe,,,,
BP0039,10191,Blue,6,40,בניגוד ל,בניגוד ל,as opposed to,as opposed to,needs_italian_review,in contrasto a; a differenza di,,in contrasto a; a differenza di,semantic_review,docker_safe,,,,
BP0040,10192,Blue,6,41,לשרת,לשרת,to serve,to serve,needs_italian_review,servire; offrire,,servire; offrire,semantic_review,docker_safe,,,,
BP0041,10193,Blue,6,42,ערום,ערום,naked,naked,needs_italian_review,nudo; completamente nudo,,nudo,,docker_safe,,,,
BP0042,10194,Blue,6,43,צלקת,צלקת,scar,scar,needs_italian_review,cicatrice (f.); ferita (f.),,,missing_from_docker_final,docker_safe,,,,
BP0043,10195,Blue,6,44,להודות ב,להודות ב,to admit to,to admit to,needs_italian_review,ammettere; confessare,,,missing_from_docker_final,docker_safe,,,,
BP0044,10196,Blue,6,45,להודות ל,להודות ל,to thank,to thank,needs_italian_review,ringraziare; dire grazie,,ringraziare; dire grazie,semantic_review,docker_safe,,,,
BP0045,10197,Blue,6,46,וודאות,וודאות,certainty,certainty,needs_italian_review,certezza (f.); sicurezza (f.),,certezza,,docker_safe,,,,
BP0046,10198,Blue,6,47,חשוד,חשוד,suspicious,suspicious,needs_italian_review,sospetto; dubbioso; malizioso,,sospetto,,docker_safe,,,,
BP0047,10199,Blue,6,48,בעד או נגד,בעד או נגד,for or against,for or against,needs_italian_review,a favore o contro; pro e contro,,a favore o contro; pro e contro,semantic_review,docker_safe,,,,
BP0048,10200,Blue,6,49,שטחי,שטחי,superficial,superficial,needs_italian_review,superficiale; apparente,,superficiale,,docker_safe,,,,
BP0049,10201,Blue,6,50,התפתחות,התפתחות,development,development,needs_italian_review,sviluppo (m.); evoluzione (f.),,sviluppo,,docker_safe,,,,
BP0050,10202,Blue,6,51,זבוב,זבוב,a fly,a fly,needs_italian_review,una mosca,,mosca,,docker_safe,,,,
BP0051,10203,Blue,6,52,לבעוט,לבעוט,to kick,to kick,needs_italian_review,calciare; dare un calcio,,calcio,,docker_safe,,,,
BP0052,10204,Blue,6,53,בעיטה,בעיטה,a kick,a kick,needs_italian_review,un calcio,,calcio,,docker_safe,,,,
BP0053,10205,Blue,6,54,הקלטה,הקלטה,a recording,a recording,needs_italian_review,una registrazione,,,missing_from_docker_final,docker_safe,,,,
BP0054,10206,Blue,6,55,להקליט,להקליט,to record,to record,needs_italian_review,registrare; annotare,,,missing_from_docker_final,docker_safe,,,,
BP0055,10207,Blue,6,56,רכילות,רכילות,gossip,gossip,needs_italian_review,pettegolezzo (m.); diceria (f.),,,missing_from_docker_final,docker_safe,,,,
BP0056,10208,Blue,6,57,לנחות,לנחות,to land,to land,needs_italian_review,atterrare; scendere,,atterrare; scendere,semantic_review,docker_safe,,,,
BP0057,10209,Blue,6,58,נחיתה,נחיתה,landing,landing,needs_italian_review,atterraggio (m.); pianerottolo (m.),,atterraggio,,docker_safe,,,,
BP0058,10210,Blue,6,59,סערה,סערה,storm,storm,needs_italian_review,tempesta (f.); temporale (m.),,tempesta,,docker_safe,,,,
BP0059,10211,Blue,6,60,תחזית,תחזית,forecast,forecast,needs_italian_review,previsione (f.); pronostico (m.),,previsione,,docker_safe,,,,
BP0060,10212,Blue,6,61,לקלוט,לקלוט,to perceive,to perceive,needs_italian_review,percepire; sentire; accorgersi,,,missing_from_docker_final,docker_safe,,,,
BP0061,10213,Blue,6,62,קליטה,קליטה,perception,perception,needs_italian_review,percezione (f.); sensazione (f.),,,missing_from_docker_final,docker_safe,,,,
BP0062,10214,Blue,6,63,בו זמנית,בו זמנית,simultaneously,simultaneously,needs_italian_review,simultaneamente; allo stesso tempo,,simultaneamente,,docker_safe,,,,
BP0063,10215,Blue,6,64,שמועה,שמועה,rumor,rumor,needs_italian_review,voce (f.); diceria (f.); pettegolezzo (m.),,voce,,docker_safe,,,,
BP0064,10216,Blue,6,65,מראה,מראה,mirror,mirror,needs_italian_review,specchio (m.),,specchio,,docker_safe,,,,
BP0065,10217,Blue,6,66,לרסס,לרסס,to spray,to spray,needs_italian_review,spruzzare; nebulizzare,,spruzzare; nebulizzare,semantic_review,docker_safe,,,,
BP0066,10218,Blue,6,67,אבטלה,אבטלה,unemployment,unemployment,needs_italian_review,disoccupazione (f.); inoccupazione (f.),,,missing_from_docker_final,docker_safe,,,,
BP0067,10219,Blue,6,68,מתנשא,מתנשא,condescending,condescending,needs_italian_review,condiscendente; altezzoso,,condiscendente,,docker_safe,,,,
BP0068,10220,Blue,6,69,תופעה,תופעה,phenomenon,phenomenon,needs_italian_review,fenomeno (m.); avvenimento (m.),,fenomeno,,docker_safe,,,,
BP0069,10221,Blue,6,70,עבריין,עבריין,criminal,criminal,needs_italian_review,criminale (m./f.); delinquente (m./f.),,criminale,,docker_safe,,,,
BP0070,10222,Blue,6,71,מגוחך,מגוחך,ridiculous,ridiculous,needs_italian_review,ridicolo; assurdo,,ridicolo,,docker_safe,,,,
BP0071,10223,Blue,6,72,שיפוטי,שיפוטי,judgmental,judgmental,needs_italian_review,giudicante; critico; moralistico,,giudicante,,docker_safe,,,,
BP0072,10224,Blue,6,73,דוגמנית,דוגמנית,model,model,needs_italian_review,modello (m.); mannequin (m.),,modello,,docker_safe,,,,
BP0073,10225,Blue,6,74,חתיך,חתיך,handsome man,handsome man,needs_italian_review,uomo bello; bell'uomo,,,missing_from_docker_final,docker_safe,,,,
BP0074,10226,Blue,6,75,חטיף,חטיף,snack,snack,needs_italian_review,spuntino (m.); merenda (f.),,spuntino,,docker_safe,,,,
BP0075,10227,Blue,6,76,להביך,להביך,to embarrass,to embarrass,needs_italian_review,imbarazzare; mettere in imbarazzo,,imbarazzare; mettere in imbarazzo,semantic_review,docker_safe,,,,
BP0076,10228,Blue,6,77,אשמה,אשמה,guilt,guilt,needs_italian_review,colpa (f.); senso di colpa,,,missing_from_docker_final,docker_safe,,,,
BP0077,10229,Blue,6,78,להתמודד,להתמודד,to deal with,to deal with,needs_italian_review,affrontare; trattare,,affrontare; trattare,semantic_review,docker_safe,,,,
BP0078,10230,Blue,6,79,להתאהב,להתאהב,to fall in love,to fall in love,needs_italian_review,innamorarsi; cadere in amore,,,missing_from_docker_final,docker_safe,,,,
BP0079,10231,Blue,6,80,מעורב,מעורב,involved,involved,needs_italian_review,coinvolto; implicato,,coinvolto,,docker_safe,,,,
BP0080,10232,Blue,6,81,יועץ,יועץ,consultant,consultant,needs_italian_review,consulente (m./f.); consiglio (m.),,consulente,,docker_safe,,,,
BP0081,10233,Blue,6,82,לטעות,לטעות,to make a mistake,to make a mistake,needs_italian_review,fare un errore; sbagliare,,errore,,docker_safe,,,,
BP0082,10234,Blue,6,83,זיעה,זיעה,sweat,sweat,needs_italian_review,sudore (m.); trasudare,,sudore,,docker_safe,,,,
BP0083,10235,Blue,6,84,לקפוץ,לקפוץ,to jump,to jump,needs_italian_review,saltare; balzare,,saltare; balzare,semantic_review,docker_safe,,,,
BP0084,10236,Blue,6,85,להקפיץ,להקפיץ,to bounce,to bounce,needs_italian_review,saltare; rimbalzare; oscillare,,saltare; rimbalzare; oscillare,semantic_review,docker_safe,,,,
BP0085,10237,Blue,6,86,למלמל,למלמל,to mumble,to mumble,needs_italian_review,borbottare; mormorare,,borbottare; mormorare,semantic_review,docker_safe,,,,
BP0086,10238,Blue,6,87,אזרח,אזרח,citizen,citizen,needs_italian_review,cittadino (m.); abitante (m.),,cittadino,,docker_safe,,,,
BP0087,10239,Blue,6,89,תחפושת,תחפושת,costume,costume,needs_italian_review,costume (m.); abito (m.),,,missing_from_docker_final,docker_safe,,,,
BP0088,10240,Blue,6,90,הלוויה,הלוויה,funeral,funeral,needs_italian_review,funerale (m.); esequie (f.),,funerale,,docker_safe,,,,
BP0089,10241,Blue,6,91,הלוואה,הלוואה,loan,loan,needs_italian_review,prestito (m.); mutuo (m.),,prestito,,docker_safe,,,,
BP0090,10242,Blue,6,92,ללחוץ ידיים,ללחוץ ידיים,to shake hands,to shake hands,needs_italian_review,stringere la mano; dare la mano,,stringere la mano; dare la mano,semantic_review,docker_safe,,,,
BP0091,10243,Blue,6,93,לעזוב,לעזוב,to leave,to leave,needs_italian_review,partire; andarsene; lasciare,,,missing_from_docker_final,docker_safe,,,,
BP0092,10244,Blue,6,94,לסבול,לסבול,to suffer,to suffer,needs_italian_review,soffrire; patire,,soffrire; patire,semantic_review,docker_safe,,,,
BP0093,10245,Blue,6,95,להכריח,להכריח,to force,to force,needs_italian_review,forzare; costringere,,forzare; costringere,semantic_review,docker_safe,,,,
BP0094,10246,Blue,6,96,לבלוע,לבלוע,to swallow,to swallow,needs_italian_review,ingoiare; deglutire,,ingoiare; deglutire,semantic_review,docker_safe,,,,
BP0095,10247,Blue,6,97,לקשור,לקשור,to tie,to tie,needs_italian_review,legare; annodata; legare un nodo,,legare; annodata; legare un nodo,semantic_review,docker_safe,,,,
BP0096,10248,Blue,6,98,להתחרט,להתחרט,to regret,to regret,needs_italian_review,pentirsi; rimpiangere,,pentirsi; rimpiangere,semantic_review,docker_safe,,,,
BP0097,10249,Blue,6,99,לירות,לירות,to shoot,to shoot,needs_italian_review,sparare; tirare; riprendere,,sparare; tirare; riprendere,semantic_review,docker_safe,,,,
BP0098,10250,Blue,6,100,כישלון,כישלון,failure,failure,needs_italian_review,fallimento (m.); insuccesso (m.),,fallimento,,docker_safe,,,,
BP0099,10251,Blue,6,101,מעניין למה,מעניין למה,wonder why..,wonder why..,needs_italian_review,mi chiedo perché; domandarsi,,,missing_from_docker_final,docker_safe,,,,
BP0100,10252,Blue,6,102,...לחכות ל,...לחכות ל,to wait for (infinitive),to wait for (infinitive),needs_italian_review,aspettare; attendere,,aspettare,,docker_safe,,,,
BP0101,10253,Blue,6,103,"מחכה, מחכה, מחכים, מחכות","מחכה, מחכה, מחכים, מחכות",to wait (present tense),to wait (present tense),needs_italian_review,aspetto; attendo,,aspettare,,docker_safe,,,,
BP0102,10254,Blue,6,104,לקוות,לקוות,to hope (infinitive),to hope (infinitive),needs_italian_review,sperare; auspicare,,,missing_from_docker_final,docker_safe,,,,
BP0103,10255,Blue,6,105,"מקווה, מקווה, מקווים, מקוות","מקווה, מקווה, מקווים, מקוות",to hope (present tense),to hope (present tense),needs_italian_review,spero; auspichiamo,,sperare,,docker_safe,,,,
BP0104,10257,Blue,6,107,"משנה, משנה, משנים, משנות","משנה, משנה, משנים, משנות",to change (present tense),to change (present tense),needs_italian_review,cambiare; trasformarsi,,cambiare,,docker_safe,,,,
BP0105,10258,Blue,6,108,נושא,נושא,subject,subject,needs_italian_review,soggetto (m.); argomento (m.); materia (f.),,,missing_from_docker_final,docker_safe,,,,
BP0106,10259,Blue,6,109,מישהי,מישהי,someone (female),someone (female),needs_italian_review,qualcuna; una persona (f.),,,missing_from_docker_final,docker_safe,,,,
BP0107,10260,Blue,6,110,סיסמה,סיסמה,password,password,needs_italian_review,password (f.); parola d'ordine,,,missing_from_docker_final,docker_safe,,,,
BP0108,10261,Blue,6,111,לאו דווקא,לאו דווקא,not necessarily / not specifically,not necessarily / not specifically,needs_italian_review,non necessariamente; non specificamente,,,missing_from_docker_final,docker_safe,,,,
BP0109,10262,Blue,6,112,כתובת,כתובת,address,address,needs_italian_review,indirizzo (m.); discorso (m.),,indirizzo,,docker_safe,,,,
BP0110,10263,Blue,6,113,את תחכי,את תחכי,you (f.s.) will wait,you (f.s.) will wait,needs_italian_review,tu (f.s.) aspetterai,,,missing_from_docker_final,docker_safe,,,,
BP0111,10265,Blue,6,115,"מנקה, מנקה, מנקים, מנקות","מנקה, מנקה, מנקים, מנקות",to clean (present tense),to clean (present tense),needs_italian_review,pulire; mondare,,teso,,docker_safe,,,,
BP0112,10266,Blue,6,116,אני אנקה,אני אנקה,I will clean,I will clean,needs_italian_review,pulirò; farò pulizia,,,missing_from_docker_final,docker_safe,,,,
BP0113,10267,Blue,6,117,אין לי ברירה,אין לי ברירה,have no choice,have no choice,needs_italian_review,non avere scelta; essere costretti,,,missing_from_docker_final,docker_safe,,,,
BP0114,10268,Blue,6,118,"מלוכלך, מלוכלכת, מלוכלכים, מלוכלכות","מלוכלך, מלוכלכת, מלוכלכים, מלוכלכות",dirty,dirty,needs_italian_review,sporco; sudicio,,,missing_from_docker_final,docker_safe,,,,
BP0115,10269,Blue,6,119,מטבח,מטבח,kitchen,kitchen,needs_italian_review,cucina (f.),,,missing_from_docker_final,docker_safe,,,,
BP0116,10270,Blue,6,120,מקרר,מקרר,fridge,fridge,needs_italian_review,frigorifero (m.); frigo (m.),,,missing_from_docker_final,docker_safe,,,,
BP0117,10272,Blue,6,122,"מכבה, מכבה, מכבים, מכבות","מכבה, מכבה, מכבים, מכבות",turn off (present),turn off (present),needs_italian_review,spengo; disattivo,,spengo; disattivo,semantic_review,docker_safe,,,,
BP0118,10273,Blue,6,123,"כיביתי, כיבית, כיבית, כבה, כבתה, כיבנו, כיביתם, כיביתן, כבו","כיביתי, כיבית, כיבית, כבה, כבתה, כיבנו, כיביתם, כיביתן, כבו",turn off (past),turn off (past),needs_italian_review,ho spento; disattivai,,ho spento; disattivai,semantic_review,docker_safe,,,,
BP0119,10274,Blue,6,124,"אכבה, תכבה, תכבי, יכבה, תכבה, נכבה, תכבו, יכבו","אכבה, תכבה, תכבי, יכבה, תכבה, נכבה, תכבו, יכבו",turn off (future),turn off (future),needs_italian_review,spegnerò; disattiverò,,spegnerò; disattiverò,semantic_review,docker_safe,,,,
BP0120,10275,Blue,6,125,"נר, נרות","נר, נרות",candle,candle,needs_italian_review,candela (f.); cero (m.),,candela,,docker_safe,,,,
BP0121,10276,Blue,6,126,מצלמה,מצלמה,camera,camera,needs_italian_review,macchina fotografica; telecamera,,,missing_from_docker_final,docker_safe,,,,
BP0122,10277,Blue,6,127,"חכה, חכי, חכו","חכה, חכי, חכו",wait for (command),wait for (command),needs_italian_review,aspetta; attendi,,,missing_from_docker_final,docker_safe,,,,
BP0123,10278,Blue,6,128,מבטא,מבטא,accent,accent,needs_italian_review,accento (m.); inflessione (f.),,,missing_from_docker_final,docker_safe,,,,
BP0124,10279,Blue,6,129,לנסות,לנסות,To try (infinitiave),To try (infinitiave),needs_italian_review,provare; cercare; tentare,,,missing_from_docker_final,docker_safe,,,,
BP0125,10280,Blue,6,130,"מנסה, מנסה, מנסים, מנסות","מנסה, מנסה, מנסים, מנסות",to try (present),to try (present),needs_italian_review,provo; cerco,,provo; cerco,semantic_review,docker_safe,,,,
BP0126,10281,Blue,6,131,"ניסיתי, ניסית, ניסית, ניסה, ניסתה, ניסינו, ניסיתם, ניסיתן, ניסו","ניסיתי, ניסית, ניסית, ניסה, ניסתה, ניסינו, ניסיתם, ניסיתן, ניסו",to try (past),to try (past),needs_italian_review,ho provato; cercai,,ho provato; cercai,semantic_review,docker_safe,,,,
BP0127,10282,Blue,6,132,"אנסה, תנסה, תנסי, ינסה, תנסה, ננסה, תנסו, ינסו","אנסה, תנסה, תנסי, ינסה, תנסה, ננסה, תנסו, ינסו",to try (future),to try (future),needs_italian_review,proverò; cercherò,,proverò; cercherò,semantic_review,docker_safe,,,,
BP0128,10283,Blue,6,133,אותו דבר,אותו דבר,the same thing,the same thing,needs_italian_review,la stessa cosa; identico,,,missing_from_docker_final,docker_safe,,,,
BP0129,10284,Blue,6,134,"הוא שינה, היא שינתה","הוא שינה, היא שינתה","he changed, she changed","he changed, she changed",needs_italian_review,lui/lei ha cambiato,,cambiare,,docker_safe,,,,
BP0130,10285,Blue,6,135,שינוי / שינויים,שינוי / שינויים,change,change,needs_italian_review,cambiamento (m.); resto (m.),,cambiare,,docker_safe,,,,
BP0131,10286,Blue,6,136,"הוא חיכה, היא חיכתה","הוא חיכה, היא חיכתה","he waited, she waited","he waited, she waited",needs_italian_review,lui/lei ha aspettato,,aspettare,,docker_safe,,,,
BP0132,10287,Blue,6,137,4 יתרון / יתרונות,4 יתרון / יתרונות,advantage,advantage,needs_italian_review,vantaggio (m.); privilegio (m.),,vantaggio,,docker_safe,,,,
BP0133,10288,Blue,6,138,₪ חיסרון / חסרונות,₪ חיסרון / חסרונות,disadvantage,disadvantage,needs_italian_review,svantaggio (m.); difetto (m.),,vantaggio,,docker_safe,,,,
BP0134,10289,Blue,6,139,לפקן,לפקן,to fix,to fix,needs_italian_review,riparare; aggiustare; fissare,,riparare; aggiustare; fissare,semantic_review,docker_safe,,,,
BP0135,10290,Blue,6,140,"מתקן, מתקנת, מתקנים, מתקנות","מתקן, מתקנת, מתקנים, מתקנות",to fix (present),to fix (present),needs_italian_review,riparare; aggiustare,,,missing_from_docker_final,docker_safe,,,,
BP0136,10291,Blue,6,141,סחם,סחם,"just kidding, just because, nothing too important","just kidding, just because, nothing too important",needs_italian_review,solo per scherzare; tanto per dire; niente di importante,,solo per scherzare; tanto per dire; niente di importante,semantic_review,docker_safe,,,,
BP0137,10292,Blue,6,142,"הוא ניקה, היא ניקתה","הוא ניקה, היא ניקתה","he cleaned, she cleaned","he cleaned, she cleaned",needs_italian_review,lui/lei ha pulito,,lui/ lei ha pulito,semantic_review,docker_safe,,,,
BP0138,10293,Blue,6,143,"תיקנתי, הוא תיקן, היא תיקנה, הם תיקנו","תיקנתי, הוא תיקן, היא תיקנה, הם תיקנו",", he, she, they fixed",", he, she, they fixed",needs_italian_review,loro hanno riparato / aggiustato,,loro hanno riparato/ aggiustato,semantic_review,docker_safe,,,,
BP0139,10294,Blue,6,144,"ניסיתי, ניסית, ניסית","ניסיתי, ניסית, ניסית","tried (I, you m, you f)","tried (I, you m, you f)",needs_italian_review,ho provato; hai provato (m./f.),,ho provato; hai provato (m./ f.),semantic_review,docker_safe,,,,
BP0140,10295,Blue,6,145,"ניסה, ניסתה","ניסה, ניסתה","tried (he, she)","tried (he, she)",needs_italian_review,lui/lei ha provato,,lui/ lei ha provato,semantic_review,docker_safe,,,,
BP0141,10296,Blue,6,146,"ניסינו, ניסיתם, ניסיתן, ניסו","ניסינו, ניסיתם, ניסיתן, ניסו","tried (we, you p.m, you pf, they)","tried (we, you p.m, you pf, they)",needs_italian_review,abbiamo provato; avete provato; hanno provato,,abbiamo provato; avete provato; hanno provato,semantic_review,docker_safe,,,,
BP0142,10297,Blue,6,147,מבאס / מבאסת,מבאס / מבאסת,sucks,sucks,needs_italian_review,fa schifo; è pessimo,,fa schifo,,docker_safe,,,,
BP0143,10298,Blue,6,148,אירוע,אירוע,event,event,needs_italian_review,evento (m.); avvenimento (m.),,,missing_from_docker_final,docker_safe,,,,
BP0144,10299,Blue,6,149,להפריע ל,להפריע ל,to disturb,to disturb,needs_italian_review,disturbare; infastidire,,,missing_from_docker_final,docker_safe,,,,
BP0145,10300,Blue,6,150,"מפריע, מפריעה, מפריעות, מפריעים","מפריע, מפריעה, מפריעות, מפריעים",disturbing (present),disturbing (present),needs_italian_review,inquietante; fastidioso; turbante,,disturbare,,docker_safe,,,,
BP0146,10301,Blue,6,151,אני הפרעתי,אני הפרעתי,disturbed,disturbed,needs_italian_review,disturbato; turbato; infastidito,,disturbare,,docker_safe,,,,
BP0147,10302,Blue,6,152,אתה הפרעת,אתה הפרעת,you disturbed (m.),you disturbed (m.),needs_italian_review,tu hai disturbato (m.),,disturbare,,docker_safe,,,,
BP0148,10303,Blue,6,153,את הפרעת,את הפרעת,you disturbed (f.),you disturbed (f.),needs_italian_review,tu hai disturbato (f.),,disturbare,,docker_safe,,,,
BP0149,10304,Blue,6,154,הוא הפריע,הוא הפריע,he disturbed,he disturbed,needs_italian_review,lui ha disturbato,,disturbare,,docker_safe,,,,
BP0150,10305,Blue,6,155,היא הפריעה,היא הפריעה,she disturbed,she disturbed,needs_italian_review,lei ha disturbato,,disturbare,,docker_safe,,,,
BP0151,10306,Blue,6,156,לטוס ל,לטוס ל,to fly to,to fly to,needs_italian_review,volare a; volare verso,,mosca,,docker_safe,,,,
BP0152,10307,Blue,6,157,סוג של,סוג של,"kind of, type of","kind of, type of",needs_italian_review,specie di; tipo di; piuttosto,,,missing_from_docker_final,docker_safe,,,,
BP0153,10308,Blue,6,158,לפנות את,לפנות את,to clear the table,to clear the table,needs_italian_review,liberare il tavolo; togliere il coperto,,,missing_from_docker_final,docker_safe,,,,
BP0154,10309,Blue,6,159,תירוץ / תירוצים,תירוץ / תירוצים,excuse,excuse,needs_italian_review,scusa (f.); pretesto (m.),,scusa,,docker_safe,,,,
BP0155,10310,Blue,6,160,להתרנל ל,להתרנל ל,to get used to,to get used to,needs_italian_review,abituarsi; avvezzarsi,,abituarsi; avvezzarsi,semantic_review,docker_safe,,,,
BP0156,10311,Blue,6,161,"מרנל, מתרגלת, מתרגלים, מתרגלות","מרנל, מתרגלת, מתרגלים, מתרגלות",used to (present),used to (present),needs_italian_review,sono abituato; ho l'abitudine,,sono abituato; ho l'abitudine,semantic_review,docker_safe,,,,
BP0157,10312,Blue,6,162,להתרנש,להתרנש,to get excited,to get excited,needs_italian_review,emozionarsi; entusiasmarsi,,eccitato,,docker_safe,,,,
BP0158,10313,Blue,6,163,"מתרגש, מתרגשת, מתרגשים, מתרגשות","מתרגש, מתרגשת, מתרגשים, מתרגשות",excited (present),excited (present),needs_italian_review,eccitato; entusiasta; emozionato,,eccitato,,docker_safe,,,,
BP0159,10314,Blue,6,164,להסתפר,להסתפר,to get a haircut,to get a haircut,needs_italian_review,farsi tagliare i capelli; farsi un taglio,,,missing_from_docker_final,docker_safe,,,,
BP0160,10315,Blue,6,165,להצטךף ל,להצטךף ל,to join,to join,needs_italian_review,unirsi; aderire; partecipare,,unirsi; aderire; partecipare,semantic_review,docker_safe,,,,
BP0161,10316,Blue,6,166,אתה בטח עייף/רעב,אתה בטח עייף/רעב,you must be tired/hungry (m.),you must be tired/hungry (m.),needs_italian_review,tu devi essere stanco/affamato (m.),,tu devi essere stanco/ affamato (m.),semantic_review,docker_safe,,,,
BP0162,10318,Blue,6,168,משטרה,משטרה,police,police,needs_italian_review,polizia (f.); agenti (m.),,polizia,,docker_safe,,,,
BP0163,10320,Blue,6,170,להסתיים,להסתיים,"to ""get"" finish","to ""get"" finish",needs_italian_review,finire; completare,,,missing_from_docker_final,docker_safe,,,,
BP0164,10321,Blue,6,171,"...מסמיים, מסחיימת","...מסמיים, מסחיימת","she is finishing, he is finishing (present)","she is finishing, he is finishing (present)",needs_italian_review,lui/lei sta finendo,,lui/ lei sta finendo,semantic_review,docker_safe,,,,
BP0165,10322,Blue,6,172,השיעור הסתיים,השיעור הסתיים,the lesson ended,the lesson ended,needs_italian_review,la lezione è finita,,la lezione è finita,semantic_review,docker_safe,,,,
BP0166,10323,Blue,6,173,הפגישה הסתיימה,הפגישה הסתיימה,the meeting ended,the meeting ended,needs_italian_review,la riunione è finita,,la riunione è finita,semantic_review,docker_safe,,,,
BP0167,10324,Blue,6,174,להתגעגע ל... (אל...),להתגעגע ל... (אל...),to miss (inf),to miss (inf),needs_italian_review,sentire la mancanza; rimpiangere,,mancare,,docker_safe,,,,
BP0168,10325,Blue,6,175,אני מתגעגע אליך,אני מתגעגע אליך,"I miss you (m.s,)","I miss you (m.s,)",needs_italian_review,mi manchi (m.s.),,mancare,,docker_safe,,,,
BP0169,10326,Blue,6,176,"מתגעגע, מתגעגעת, מתגעגעים, מתגעגעות","מתגעגע, מתגעגעת, מתגעגעים, מתגעגעות",miss (present tense),miss (present tense),needs_italian_review,sentire la mancanza di; rimpiangere,,mancare,,docker_safe,,,,
BP0170,10327,Blue,6,177,אשכרה,אשכרה,seriously?!,seriously?!,needs_italian_review,sul serio?!; davvero?!,,sul serio,,docker_safe,,,,
BP0171,10328,Blue,6,178,טבעת,טבעת,ring,ring,needs_italian_review,anello (m.); anella (f.); squillo (m.),,,missing_from_docker_final,docker_safe,,,,
BP0172,10329,Blue,6,179,מבחן,מבחן,"test, examination","test, examination",needs_italian_review,test (m.); esame (m.),,,missing_from_docker_final,docker_safe,,,,
BP0173,10331,Blue,6,181,לצלם,לצלם,to take a picture,to take a picture,needs_italian_review,fare una foto; scattare una fotografia,,,missing_from_docker_final,docker_safe,,,,
BP0174,10332,Blue,6,182,לקבל,לקבל,to receive,to receive,needs_italian_review,ricevere; accogliere,,,missing_from_docker_final,docker_safe,,,,
BP0175,10333,Blue,6,183,"יכולתי, יכולת, יכולת, יכול, יכולה, יכולנו, יכולתם, יכולתן, יכלו","יכולתי, יכולת, יכולת, יכול, יכולה, יכולנו, יכולתם, יכולתן, יכלו",could (past tense),could (past tense),needs_italian_review,potevo; potei; avrei potuto,,teso,,docker_safe,,,,
BP0176,10334,Blue,6,184,נוף,נוף,view,view,needs_italian_review,vista (f.); veduta (f.); opinione (f.),,,missing_from_docker_final,docker_safe,,,,
BP0177,10335,Blue,6,185,...להסתכל על,...להסתכל על,to look at (infinitive),to look at (infinitive),needs_italian_review,guardare; osservare,,guardare; osservare,semantic_review,docker_safe,,,,
BP0178,10336,Blue,6,186,"מסתכל, מסתכלת, מסתכלים, מסתכלות","מסתכל, מסתכלת, מסתכלים, מסתכלות",to look at (present tense),to look at (present tense),needs_italian_review,guardo; osservo,,teso,,docker_safe,,,,
BP0179,10337,Blue,6,187,ירח,ירח,moon,moon,needs_italian_review,luna (f.),,,missing_from_docker_final,docker_safe,,,,
BP0180,10338,Blue,6,188,שמיים,שמיים,sky,sky,needs_italian_review,cielo (m.); firmamento (m.),,,missing_from_docker_final,docker_safe,,,,
BP0181,10339,Blue,6,189,עליי,עליי,at/on/about me,at/on/about me,needs_italian_review,su di me; di me; riguardo a me,,su di me; di me; riguardo a me,semantic_review,docker_safe,,,,
BP0182,10340,Blue,6,190,עליך,עליך,at/on/about you (m sg),at/on/about you (m sg),needs_italian_review,su di te; di te; riguardo a te (m.),,su di te; di te; riguardo a te (m.),semantic_review,docker_safe,,,,
BP0183,10341,Blue,6,191,עלייך,עלייך,at/on/about you (f sg),at/on/about you (f sg),needs_italian_review,su di te; di te; riguardo a te (f.),,su di te; di te; riguardo a te (f.),semantic_review,docker_safe,,,,
BP0184,10342,Blue,6,192,עליו,עליו,at/on/about him,at/on/about him,needs_italian_review,su di lui; di lui; riguardo a lui,,su di lui; di lui; riguardo a lui,semantic_review,docker_safe,,,,
BP0185,10343,Blue,6,193,עליה,עליה,at/on/about her,at/on/about her,needs_italian_review,su di lei; di lei; riguardo a lei,,su di lei; di lei; riguardo a lei,semantic_review,docker_safe,,,,
BP0186,10344,Blue,6,194,עלינו,עלינו,at/on/about us,at/on/about us,needs_italian_review,su di noi; di noi; riguardo a noi,,su di noi; di noi; riguardo a noi,semantic_review,docker_safe,,,,
BP0187,10345,Blue,6,195,עליכם/ן,עליכם/ן,at/on/about you (m/f pl),at/on/about you (m/f pl),needs_italian_review,su di voi; di voi; riguardo a voi,,su di voi; di voi; riguardo a voi,semantic_review,docker_safe,,,,
BP0188,10346,Blue,6,196,עליהם/ן,עליהם/ן,at/on/about them (m/f),at/on/about them (m/f),needs_italian_review,su di loro; di loro; riguardo a loro,,su di loro; di loro; riguardo a loro,semantic_review,docker_safe,,,,
BP0189,10347,Blue,6,198,מיוחד / מיוחדת,מיוחד / מיוחדת,special (m/f),special (m/f),needs_italian_review,speciale; particolare,,speciale,,docker_safe,,,,
BP0190,10348,Blue,6,199,..להיבנס ל,..להיבנס ל,to enter... (infinitive),to enter... (infinitive),needs_italian_review,entrare; accedere,,entrare; accedere,semantic_review,docker_safe,,,,
BP0191,10349,Blue,6,200,"אכנס, תיכנס, תיכנסי, ייכנס","אכנס, תיכנס, תיכנסי, ייכנס",to enter (future),to enter (future),needs_italian_review,entrare; accedere,,entrare; accedere,semantic_review,docker_safe,,,,
BP0192,10350,Purple,12,1,"נחף, חפה","נחף, חפה",barefoot,barefoot,needs_italian_review,a piedi nudi; scalzo,,a piedi nudi,,docker_safe,,,,
BP0193,10351,Purple,12,2,לרתוח על,לרתוח על,to boil or be furious about...,to boil or be furious about...,needs_italian_review,ribollire; essere furioso per,,ribollire; essere furioso per,semantic_review,docker_safe,,,,
BP0194,10352,Purple,12,3,לבעור,לבעור,to burn or be on fire,to burn or be on fire,needs_italian_review,bruciare; essere in fiamme,,bruciare; essere in fiamme,semantic_review,docker_safe,,,,
BP0195,10353,Purple,12,4,"סואן, סואנים","סואן, סואנים",busy (street/city),busy (street/city),needs_italian_review,affollato; trafficato (strada/città),,affollato,,docker_safe,,,,
BP0196,10354,Purple,12,5,"צדפה, צדפות","צדפה, צדפות","sea shells, clams","sea shells, clams",needs_italian_review,conchiglie; vongole (f.),,conchiglie,,docker_safe,,,,
BP0197,10355,Purple,12,6,שפיץ,שפיץ,edge of something pointy,edge of something pointy,needs_italian_review,bordo tagliente; punta (f.),,bordo,,docker_safe,,,,
BP0198,10356,Purple,12,7,ללוות - מלווה,ללוות - מלווה,to accompany - accompanied,to accompany - accompanied,needs_italian_review,accompagnare; accompagnato,,accompagnare; accompagnato,semantic_review,docker_safe,,,,
BP0199,10357,Purple,12,8,"לפנות - מפונה, מפונה, מפונים","לפנות - מפונה, מפונה, מפונים",to evacuate and evacuees,to evacuate and evacuees,needs_italian_review,evacuare; sfollare,,evacuare; sfollare,semantic_review,docker_safe,,,,
BP0200,10358,Purple,12,9,שלל ה... ₪5 (= הרבה),שלל ה... ₪5 (= הרבה),an abundance of,an abundance of,needs_italian_review,un'abbondanza di; molti,,abbondanza,,docker_safe,,,,
BP0201,10359,Purple,12,10,לדרוך,לדרוך,to tread,to tread,needs_italian_review,calpestare; percorrere a piedi,,calpestare; percorrere a piedi,semantic_review,docker_safe,,,,
BP0202,10360,Purple,12,11,לצעוד,לצעוד,to step,to step,needs_italian_review,camminare; fare un passo,,camminare; fare un passo,semantic_review,docker_safe,,,,
BP0203,10361,Purple,12,12,"מוזר, משונה","מוזר, משונה",strange,strange,needs_italian_review,strano; insolito; bizzarro,,strano,,docker_safe,,,,
BP0204,10362,Purple,12,13,פומבי,פומבי,public,public,needs_italian_review,pubblico (m.); pubblico (agg.),,pubblico,,docker_safe,,,,
BP0205,10363,Purple,12,14,סנדלר,סנדלר,shoemaker,shoemaker,needs_italian_review,calzolaio (m.); ciabattino (m.),,calzolaio,,docker_safe,,,,
BP0206,10364,Purple,12,15,מנוסה,מנוסה,experienced,experienced,needs_italian_review,esperto; navigato; con esperienza,,esperto,,docker_safe,,,,
BP0207,10365,Purple,12,16,לבלום,לבלום,"to brake (in a car), block (sports)","to brake (in a car), block (sports)",needs_italian_review,frenare; bloccare; freno (m.),,frenare; bloccare; freno (m.),semantic_review,docker_safe,,,,
BP0208,10366,Purple,12,17,חספוס,חספוס,"bluntness, unevenness","bluntness, unevenness",needs_italian_review,scurrilità (f.); irregolarità (f.),,scurrilità (f.); irregolarità (f.),semantic_review,docker_safe,,,,
BP0209,10367,Purple,12,18,מחוספס,מחוספס,"rough, textured","rough, textured",needs_italian_review,ruvido; scabro; con texture,,ruvido,,docker_safe,,,,
BP0210,10368,Purple,12,19,"מגע, מגעים","מגע, מגעים","touch, contact also discussions","touch, contact also discussions",needs_italian_review,contatto (m.); tocco (m.); discussione (f.),,tocco,,docker_safe,,,,
BP0211,10369,Purple,12,20,לעטוף את,לעטוף את,to wrap,to wrap,needs_italian_review,avvolgere; incartare; fasciare,,avvolgere; incartare; fasciare,semantic_review,docker_safe,,,,
BP0212,10370,Purple,12,21,"מושבע, מושבעת","מושבע, מושבעת","sworn, loyal","sworn, loyal",needs_italian_review,giurato; fedele; leale,,giurato,,docker_safe,,,,
BP0213,10371,Purple,12,22,חבר מושבעים,חבר מושבעים,jury,jury,needs_italian_review,giuria (f.); tribunale popolare,,giuria,,docker_safe,,,,
BP0214,10372,Purple,12,23,₪ לחלוץ נעליים,₪ לחלוץ נעליים,to take off shoes,to take off shoes,needs_italian_review,togliersi le scarpe; calzarsi,,togliersi le scarpe; calzarsi,semantic_review,docker_safe,,,,
BP0215,10373,Purple,12,24,"גירוי, גירויים","גירוי, גירויים","stimulus, irritation","stimulus, irritation",needs_italian_review,stimolo (m.); irritazione (f.),,stimolo,,docker_safe,,,,
BP0216,10374,Purple,12,25,"חנפן, חנפנית","חנפן, חנפנית","flatterer, teacher's pet","flatterer, teacher's pet",needs_italian_review,adulatore (m.); favorito (m.) dell'insegnante,,adulatore,,docker_safe,,,,
BP0217,10375,Purple,12,26,חלוק,חלוק,"Givided, split","Givided, split",needs_italian_review,diviso; spaccato,,dividere,,docker_safe,,,,
BP0218,10376,Purple,12,27,"חד משמעי, חד משמעית","חד משמעי, חד משמעית","conclusive, unambiguous","conclusive, unambiguous",needs_italian_review,conclusivo; univoco; definitivo,,conclusivo,,docker_safe,,,,
BP0219,10377,Purple,12,28,!חד משמעית,!חד משמעית,"totally, wna?","totally, wna?",needs_italian_review,totalmente; completamente; veramente,,totalmente; completamente; veramente,semantic_review,docker_safe,,,,
BP0220,10378,Purple,12,29,להגביר את,להגביר את,to amplify or intensify,to amplify or intensify,needs_italian_review,amplificare; intensificare,,amplificare; intensificare,semantic_review,docker_safe,,,,
BP0221,10379,Purple,12,30,נגיעה,נגיעה,a pinch or dash,a pinch or dash,needs_italian_review,un pizzico / un goccio,,pizzico,,docker_safe,,,,
BP0222,10380,Purple,12,31,טור,טור,column,column,needs_italian_review,colonna (f.); rubrica (f.),,colonna,,docker_safe,,,,
BP0223,10381,Purple,12,32,להיסחף,להיסחף,to be carried or swept away,to be carried or swept away,needs_italian_review,essere trasportato; essere travolto,,modo,,docker_safe,,,,
BP0224,10382,Purple,12,33,לסחוף את,לסחוף את,"to carry away, be charismatic","to carry away, be charismatic",needs_italian_review,trascinare; essere carismatico,,modo,,docker_safe,,,,
BP0225,10383,Purple,12,34,...להדביק את... ב,...להדביק את... ב,"to glue, paste, stick on, infect someone","to glue, paste, stick on, infect someone",needs_italian_review,incollare; attaccare; infettare qualcuno,,infettare,,docker_safe,,,,
BP0226,10384,Purple,12,35,"""אין לי טענות""","""אין לי טענות""",have no complaints,have no complaints,needs_italian_review,non avere lamentele; accontentarsi,,non avere lamentele; accontentarsi,semantic_review,docker_safe,,,,
BP0227,10385,Purple,12,36,...אל... בטענות/-לבוא ל,...אל... בטענות/-לבוא ל,to run up to someone to complain,to run up to someone to complain,needs_italian_review,correre da qualcuno per lamentarsi,,qualcuno,,docker_safe,,,,
BP0228,10386,Purple,12,37,"...מסומם, מסוממת, מסוממים","...מסומם, מסוממת, מסוממים",high on drugs or life,high on drugs or life,needs_italian_review,fatto; ebbro di vita,,vita,,docker_safe,,,,
BP0229,10387,Purple,12,38,"₪ עז, עזה","₪ עז, עזה","strong, intense","strong, intense",needs_italian_review,forte; intenso; potente,,forte,,docker_safe,,,,
BP0230,10388,Purple,12,39,נדנדה,נדנדה,"swing, seesaw","swing, seesaw",needs_italian_review,altalena (f.); oscillare,,altalena,,docker_safe,,,,
BP0231,10389,Purple,12,40,לטלטל את,לטלטל את,"to rock something, shock, rattle","to rock something, shock, rattle",needs_italian_review,scuotere; sorprendere; sconvolgere,,scuotere; sorprendere; sconvolgere,semantic_review,docker_safe,,,,
BP0232,10390,Purple,12,41,"מטלטל, מטלטלת","מטלטל, מטלטלת","shocking, rattling","shocking, rattling",needs_italian_review,scioccante; sconcertante; inquietante,,scioccante; sconcertante; inquietante,semantic_review,docker_safe,,,,
BP0233,10391,Purple,12,42,"עילאי, עילאית","עילאי, עילאית","transcendent, supreme, sublime","transcendent, supreme, sublime",needs_italian_review,trascendente; supremo; sublime,,trascendente,,docker_safe,,,,
BP0234,10392,Purple,12,43,...מהול ב,...מהול ב,laced or mixed with,laced or mixed with,needs_italian_review,condito con; mescolato con,,condito con; mescolato con,semantic_review,docker_safe,,,,
BP0235,10393,Purple,12,44,לדלל את,לדלל את,to dilute,to dilute,needs_italian_review,diluire; indebolire,,diluire; indebolire,semantic_review,docker_safe,,,,
BP0236,10394,Purple,12,45,תפנית,תפנית,twist or turning point,twist or turning point,needs_italian_review,torsione (f.); colpo di scena; punto di svolta,,torsione,,docker_safe,,,,
BP0237,10395,Purple,12,46,עלילה,עלילה,plot,plot,needs_italian_review,trama (f.); complotto (m.),,trama,,docker_safe,,,,
BP0238,10396,Purple,12,47,להתרסק,להתרסק,"to crush, to get smashed","to crush, to get smashed",needs_italian_review,schiacciare; smaccare; stritolare,,schiacciare; smaccare; stritolare,semantic_review,docker_safe,,,,
BP0239,10397,Purple,12,48,"מרוסק, מרוסקת","מרוסק, מרוסקת","crushed, smashed, tired","crushed, smashed, tired",needs_italian_review,schiacciato; distrutto; stanco,,schiacciato,,docker_safe,,,,
BP0240,10398,Purple,12,49,לרסק את,לרסק את,to crush,to crush,needs_italian_review,schiacciare; distruggere,,schiacciare; distruggere,semantic_review,docker_safe,,,,
BP0241,10399,Purple,12,50,"משותק, משותקת","משותק, משותקת",paralyzed (also emotionally),paralyzed (also emotionally),needs_italian_review,paralizzato; bloccato emotivamente,,paralizzato,,docker_safe,,,,
BP0242,10400,Purple,12,51,...לסלק את,...לסלק את,"to kick someone out, banish, eliminate","to kick someone out, banish, eliminate",needs_italian_review,espellere qualcuno; bandire; eliminare,,calcio,,docker_safe,,,,
BP0243,10401,Purple,12,52,להכיל את,להכיל את,"to contain (emotionally), to accept, to be non judgemental","to contain (emotionally), to accept, to be non judgemental",needs_italian_review,contenere; accettare; non giudicare,,contenere; accettare; non giudicare,semantic_review,docker_safe,,,,
BP0244,10402,Purple,12,53,...להתעלם מ,...להתעלם מ,to ignore (someone/something),to ignore (someone/something),needs_italian_review,ignorare; non considerare,,qualcuno,,docker_safe,,,,
BP0245,10403,Purple,12,54,הארה,הארה,"awakening, epiphany, enlightenment","awakening, epiphany, enlightenment",needs_italian_review,risveglio (m.); epifania; illuminazione (f.),,risveglio,,docker_safe,,,,
BP0246,10404,Purple,12,55,לקוי-ראייה,לקוי-ראייה,visually impaired,visually impaired,needs_italian_review,ipovedente; non vedente,,ipovedente,,docker_safe,,,,
BP0247,10405,Purple,12,56,ליקוי ₪5 (=תקלה),ליקוי ₪5 (=תקלה),"impairment, fault","impairment, fault",needs_italian_review,menomazione (f.); difetto (m.),,menomazione,,docker_safe,,,,
BP0248,10406,Purple,12,57,בעיות קשב וריכוז,בעיות קשב וריכוז,ADHD,ADHD,needs_italian_review,ADHD (f.),,ADHD,,docker_safe,,,,
BP0249,10407,Purple,12,58,לסגור מעגל,לסגור מעגל,"to create closure, to settle the situation","to create closure, to settle the situation",needs_italian_review,creare chiusura; sistemare la situazione,,chiusura,,docker_safe,,,,
BP0250,10408,Purple,12,59,סגירת-מעגל,סגירת-מעגל,closure,closure,needs_italian_review,chiusura (f.); conclusione (f.),,chiusura,,docker_safe,,,,
BP0251,10409,Purple,12,60,"תובנה, תובנות","תובנה, תובנות",insight,insight,needs_italian_review,intuizione (f.); comprensione profonda,,intuizione,,docker_safe,,,,
BP0252,10410,Purple,12,61,לרכוש ₪5 את,לרכוש ₪5 את,to acquire or purchase,to acquire or purchase,needs_italian_review,acquisire; comprare; acquistare,,acquisire; comprare; acquistare,semantic_review,docker_safe,,,,
BP0253,10411,Purple,12,62,...לרשת את,...לרשת את,to inherit,to inherit,needs_italian_review,ereditare; ricevere in eredità,,ereditare; ricevere in eredità,semantic_review,docker_safe,,,,
BP0254,10412,Purple,12,63,ירושה,ירושה,inheritance,inheritance,needs_italian_review,eredità (f.); lascito (m.),,eredità,,docker_safe,,,,
BP0255,10413,Purple,12,64,"""כל מקרה לגופו""","""כל מקרה לגופו""","every situation is it's own, case by case basis","every situation is it's own, case by case basis",needs_italian_review,ogni situazione è unica; caso per caso,,ogni situazione è unica; caso per caso,semantic_review,docker_safe,,,,
BP0256,10414,Purple,12,65,"נהיה, נהיית","נהיה, נהיית",becoming,becoming,needs_italian_review,diventare; appropriato,,attraente,,docker_safe,,,,
BP0257,10415,Purple,12,66,"הוא נהיה, היא נהייתה","הוא נהיה, היא נהייתה",he/she became,he/she became,needs_italian_review,lui/lei è diventato,,lui/ lei è diventato,semantic_review,docker_safe,,,,
BP0258,10416,Purple,12,67,להשפיל את,להשפיל את,to humiliate,to humiliate,needs_italian_review,umiliare; mortificare,,,missing_from_docker_final,docker_safe,,,,
BP0259,10417,Purple,12,68,משפיל,משפיל,humiliating,humiliating,needs_italian_review,umiliante; degradante,,,missing_from_docker_final,docker_safe,,,,
BP0260,10418,Purple,12,69,...לרמוז ל,...לרמוז ל,to hint,to hint,needs_italian_review,alludere; far capire indirettamente,,alludere; far capire indirettamente,semantic_review,docker_safe,,,,
BP0261,10419,Purple,12,70,לנדנד את,לנדנד את,to push on a swing,to push on a swing,needs_italian_review,spingere un'altalena,,altalena,,docker_safe,,,,
BP0262,10420,Purple,12,71,...לנדנד ל,...לנדנד ל,"to nag, bother, complain","to nag, bother, complain",needs_italian_review,lamentarsi; infastidire; molestare,,lamentarsi; infastidire; molestare,semantic_review,docker_safe,,,,
BP0263,10421,Purple,12,72,להתנדנד,להתנדנד,to swing,to swing,needs_italian_review,oscillare; dondolare,,altalena,,docker_safe,,,,
BP0264,10422,Purple,12,73,להוביל,להוביל,to lead the way or lead in a competition,to lead the way or lead in a competition,needs_italian_review,aprire la strada; guidare una competizione,,modo,,docker_safe,,,,
BP0265,10423,Purple,12,74,להוביל את,להוביל את,to transport,to transport,needs_italian_review,trasportare; portare,,trasportare; portare,semantic_review,docker_safe,,,,
BP0266,10424,Purple,12,75,הובלה,הובלה,"act of moving, transportation","act of moving, transportation",needs_italian_review,atto del movimento; trasporto (m.),,trasporto,,docker_safe,,,,
BP0267,10425,Purple,12,76,תקרית,תקרית,incident,incident,needs_italian_review,incidente (m.); episodio (m.),,incidente,,docker_safe,,,,
BP0268,10426,Purple,12,77,תקרית בינלאומית,תקרית בינלאומית,international incident,international incident,needs_italian_review,incidente internazionale,,incidente,,docker_safe,,,,
BP0269,10427,Purple,12,78,"בולט, בולטת","בולט, בולטת","stands out, prominent","stands out, prominent",needs_italian_review,spicca; prominente; evidente,,spicca; prominente; evidente,semantic_review,docker_safe,,,,
BP0270,10428,Purple,12,79,חצ'קון (פצעון),חצ'קון (פצעון),pimple,pimple,needs_italian_review,brufolo (m.); foruncolo (m.),,brufolo,,docker_safe,,,,
BP0271,10429,Purple,12,80,להפיץ את,להפיץ את,to spread a rumor/news also to diffuse,to spread a rumor/news also to diffuse,needs_italian_review,diffondere una voce; divulgare notizie,,voce,,docker_safe,,,,
BP0272,10430,Purple,12,81,להרים ל... (מישהו),להרים ל... (מישהו),"to build up someone, compliment","to build up someone, compliment",needs_italian_review,costruire su qualcuno; complimentare,,qualcuno,,docker_safe,,,,
BP0273,10431,Purple,12,82,= דאז,= דאז,back then,back then,needs_italian_review,allora; in quel periodo,,dietro,,docker_safe,,,,
BP0274,10432,Purple,12,83,מסמר הערב,מסמר הערב,life of the party,life of the party,needs_italian_review,anima della festa; persona divertente,,vita,,docker_safe,,,,
BP0275,10433,Purple,12,84,"צלול, צלולה","צלול, צלולה","clear, lucid","clear, lucid",needs_italian_review,chiaro; lucido; perspicace,,chiaro,,docker_safe,,,,
BP0276,10434,Purple,12,85,...לצלול ל,...לצלול ל,to dive,to dive,needs_italian_review,tuffarsi; immergersi,,tuffarsi; immergersi,semantic_review,docker_safe,,,,
BP0277,10435,Purple,12,86,עכור,עכור,"murky, gloomy","murky, gloomy",needs_italian_review,torbido; cupo; lugubre,,torbido,,docker_safe,,,,
BP0278,10436,Purple,12,87,לאבחן את,לאבחן את,to diagnose,to diagnose,needs_italian_review,diagnosticare; identificare,,diagnosticare; identificare,semantic_review,docker_safe,,,,
BP0279,10437,Purple,12,88,מאובחן,מאובחן,diagnosed,diagnosed,needs_italian_review,diagnosticato; riconosciuto,,diagnosticato,,docker_safe,,,,
BP0280,10438,Purple,12,89,לזעזע את,לזעזע את,to shock or appall,to shock or appall,needs_italian_review,shockare; scandalizz are; sorprendere,,shockare; scandalizz are; sorprendere,semantic_review,docker_safe,,,,
BP0281,10439,Purple,12,90,"מזועזע, מזועזעת","מזועזע, מזועזעת",shocked or appalled,shocked or appalled,needs_italian_review,scioccato; sorpreso; scandolizzato,,scioccato; sorpreso; scandolizzato,semantic_review,docker_safe,,,,
BP0282,10440,Purple,12,91,...להזדעזע מ,...להזדעזע מ,to be shocked or appalled,to be shocked or appalled,needs_italian_review,essere scioccato; rimanere scioccato,,essere scioccato; rimanere scioccato,semantic_review,docker_safe,,,,
BP0283,10441,Purple,12,92,פדיחה,פדיחה,embarrassing situation,embarrassing situation,needs_italian_review,situazione imbarazzante,,,missing_from_docker_final,docker_safe,,,,
BP0284,10442,Purple,12,93,...להתפדח מ,...להתפדח מ,to be embarrassed because of a nn't9,to be embarrassed because of a nn't9,needs_italian_review,essere imbarazzato a causa di,,essere imbarazzato a causa di,semantic_review,docker_safe,,,,
BP0285,10443,Purple,12,94,"מפדח, מפדחת","מפדח, מפדחת",embarrassing,embarrassing,needs_italian_review,imbarazzante; sconveniente,,imbarazzante,,docker_safe,,,,
BP0286,10444,Purple,12,95,לחצות את,לחצות את,to cut,to cut,needs_italian_review,tagliare; recidere,,tagliare; recidere,semantic_review,docker_safe,,,,
BP0287,10445,Purple,12,96,...להיחצות ל,...להיחצות ל,to be split or cut (also equally),to be split or cut (also equally),needs_italian_review,essere diviso; essere tagliato,,dividere,,docker_safe,,,,
BP0288,10446,Purple,12,97,"ראוי, ראויה","ראוי, ראויה","worthy, fitting, appropriate","worthy, fitting, appropriate",needs_italian_review,degno; idoneo; appropriato,,degno,,docker_safe,,,,
BP0289,10447,Purple,12,98,...להזדהות עם,...להזדהות עם,to identify with or relate to,to identify with or relate to,needs_italian_review,identificarsi con; riconoscersi in,,identificarsi con; riconoscersi in,semantic_review,docker_safe,,,,
BP0290,10448,Purple,12,99,מעורר הזדהות,מעורר הזדהות,relatable,relatable,needs_italian_review,relazionabile; con cui identificarsi,,relazionabile,,docker_safe,,,,
BP0291,10449,Purple,12,100,הכללה,הכללה,generalization,generalization,needs_italian_review,generalizzazione (f.); affermazione generica,,generalizzazione,,docker_safe,,,,
BP0292,10450,Purple,12,101,מגווון,מגווון,Varied,Varied,needs_italian_review,vario; diversificato; variegato,,vario,,docker_safe,,,,
BP0293,10451,Purple,12,102,לעוף על,לעוף על,to be crazy about,to be crazy about,needs_italian_review,essere pazzo di; impazzare per,,,missing_from_docker_final,docker_safe,,,,
BP0294,10452,Purple,12,104,מגיש חדשות,מגיש חדשות,newscaster,newscaster,needs_italian_review,giornalista televisivo; annunciatore (m.),,giornalista,,docker_safe,,,,
BP0295,10453,Purple,12,105,לעומק,לעומק,deeply,deeply,needs_italian_review,profondamente; intensamente,,profondamente,,docker_safe,,,,
BP0296,10454,Purple,12,106,לזכות ב,לזכות ב,to win a (prize),to win a (prize),needs_italian_review,vincere un premio; aggiudicarsi,,,missing_from_docker_final,docker_safe,,,,
BP0297,10455,Purple,12,107,לזכות ל,לזכות ל,To have the privilege,To have the privilege,needs_italian_review,avere il privilegio; avere l'onore,,privilegio,,docker_safe,,,,
BP0298,10456,Purple,12,108,להצטיין,להצטיין,to excel,to excel,needs_italian_review,eccellere; superare,,eccellere; superare,semantic_review,docker_safe,,,,
BP0299,10457,Purple,12,109,ץ-ל א לזגזג בין,ץ-ל א לזגזג בין,"To move between many projects, to zigzag","To move between many projects, to zigzag",needs_italian_review,saltare da un progetto all'altro; zigzagare,,zigzagare,,docker_safe,,,,
BP0300,10458,Purple,12,110,להתנשא על,להתנשא על,to patronize,to patronize,needs_italian_review,condiscendere; trattare con aria di superiorità,,condiscendere; trattare con aria di superiorità,semantic_review,docker_safe,,,,
BP0301,10459,Purple,12,111,לפנות,לפנות,to turn,to turn,needs_italian_review,girare; voltare; trasformare,,,missing_from_docker_final,docker_safe,,,,
BP0302,10460,Purple,12,112,באיזשהו אופן,באיזשהו אופן,In some way,In some way,needs_italian_review,in qualche modo; in un certo senso,,modo,,docker_safe,,,,
BP0303,10461,Purple,12,113,להסיח את הדעת,להסיח את הדעת,to distract,to distract,needs_italian_review,distrarre; deviare,,distrarre; deviare,semantic_review,docker_safe,,,,
BP0304,10462,Purple,12,114,קורע,קורע,hilarious,hilarious,needs_italian_review,esilarante; divertentissimo,,esilarante,,docker_safe,,,,
BP0305,10463,Purple,12,115,לחתוך מ,לחתוך מ,"To quit, to leave","To quit, to leave",needs_italian_review,smettere; andarsene; lasciare,,smettere,,docker_safe,,,,
BP0306,10464,Purple,12,116,לפטפט עם,לפטפט עם,to chat,to chat,needs_italian_review,chiacchierare; conversare,,chiacchierare; conversare,semantic_review,docker_safe,,,,
BP0307,10465,Purple,12,117,₪ קלות,₪ קלות,A little,A little,needs_italian_review,un po'; poco; un tantino,,poco,,docker_safe,,,,
BP0308,10466,Purple,12,118,להתייפייף,להתייפייף,To be self righteous,To be self righteous,needs_italian_review,essere autocompiaciuto; essere presuntuoso,,essere autocompiaciuto; essere presuntuoso,semantic_review,docker_safe,,,,
BP0309,10467,Purple,12,119,להשמיץ את,להשמיץ את,"to slander, defame","to slander, defame",needs_italian_review,calunniare; diffamare,,calunniare; diffamare,semantic_review,docker_safe,,,,
BP0310,10468,Purple,12,120,לפסול,לפסול,"disqualify, invalidate, rule out","disqualify, invalidate, rule out",needs_italian_review,squalificare; invalidare; escludere,,squalificare,,docker_safe,,,,
BP0311,10469,Purple,12,121,להתמצא ב,להתמצא ב,"to orientate, be knowledgeable","to orientate, be knowledgeable",needs_italian_review,orientarsi; essere competente,,bordo,,docker_safe,,,,
BP0312,10470,Purple,12,122,להנהן,להנהן,to nod,to nod,needs_italian_review,annuire; fare un cenno con la testa,,annuire; fare un cenno con la testa,semantic_review,docker_safe,,,,
BP0313,10471,Purple,12,123,ניתוח,ניתוח,"analysis, surgery","analysis, surgery",needs_italian_review,analisi (f.); chirurgia (f.),,,missing_from_docker_final,docker_safe,,,,
BP0314,10472,Purple,12,124,"ח""כ, חכים","ח""כ, חכים",Knesset member,Knesset member,needs_italian_review,membro della Knesset; deputato (m.),,Knesset,,docker_safe,,,,
BP0315,10473,Purple,12,125,₪ להרים את,₪ להרים את,to raise spirits,to raise spirits,needs_italian_review,sollevare il morale; incoraggiare,,sollevare il morale; incoraggiare,semantic_review,docker_safe,,,,
BP0316,10474,Purple,12,126,לעודד את,לעודד את,"to encourage, cheer","to encourage, cheer",needs_italian_review,incoraggiare; tifare per,,incoraggiare; tifare per,semantic_review,docker_safe,,,,
BP0317,10475,Purple,12,127,צביעות,צביעות,hypocrisy,hypocrisy,needs_italian_review,ipocrisia (f.); falsità (f.),,ipocrisia,,docker_safe,,,,
BP0318,10476,Purple,12,128,צבוע,צבוע,hypocrital,hypocrital,needs_italian_review,ipocrita; falso,,ipocrita; falso,semantic_review,docker_safe,,,,
BP0319,10477,Purple,12,129,הכשרה,הכשרה,Job training,Job training,needs_italian_review,formazione professionale; addestramento,,formazione,,docker_safe,,,,
BP0320,10478,Purple,12,130,מוכשר,מוכשר,"talented, gifted. Trained","talented, gifted. Trained",needs_italian_review,talentuoso; dotato; allenato,,talentuoso,,docker_safe,,,,
BP0321,10479,Purple,12,131,להתכופף,להתכופף,To bend over,To bend over,needs_italian_review,piegarsi; chinarsi,,piegare,,docker_safe,,,,
BP0322,10480,Purple,12,132,להדגים,להדגים,to demonstrate,to demonstrate,needs_italian_review,dimostrare; manifestare,,dimostrare; manifestare,semantic_review,docker_safe,,,,
BP0323,10481,Purple,12,133,:₪ להמחיש,:₪ להמחיש,To illustrate,To illustrate,needs_italian_review,illustrare; chiarire con esempi,,illustrare,,docker_safe,,,,
BP0324,10482,Purple,12,134,באמצעות,באמצעות,by means of,by means of,needs_italian_review,per mezzo di; tramite,,mezzi,,docker_safe,,,,
BP0325,10483,Purple,12,135,אמצעים,אמצעים,"means, measures","means, measures",needs_italian_review,mezzi (m.); misure (f.); provvedimenti (m.),,mezzi,,docker_safe,,,,
BP0326,10484,Purple,12,136,סמכות,סמכות,authority,authority,needs_italian_review,autorità (f.); potere (m.),,autorità,,docker_safe,,,,
BP0327,10485,Purple,12,137,בלתי אפשרי,בלתי אפשרי,impossible,impossible,needs_italian_review,impossibile; inconcepibile,,impossibile,,docker_safe,,,,
BP0328,10486,Purple,12,138,בלתי נשכח,בלתי נשכח,unforgettable,unforgettable,needs_italian_review,indimenticabile; memorabile,,,missing_from_docker_final,docker_safe,,,,
BP0329,10487,Purple,12,139,בלתי נסבל,בלתי נסבל,unbearable,unbearable,needs_italian_review,insopportabile; intollerabile,,,missing_from_docker_final,docker_safe,,,,
BP0330,10488,Purple,12,140,בלתי מנוצח,בלתי מנוצח,invincible,invincible,needs_italian_review,invincibile; imbattibile,,invincibile,,docker_safe,,,,
BP0331,10489,Purple,12,141,בלתי נתפס,בלתי נתפס,"incomprehensible, unimaginable","incomprehensible, unimaginable",needs_italian_review,incomprensibile; inimmaginabile,,incomprensibile,,docker_safe,,,,
BP0332,10490,Purple,12,142,₪ בלתי,₪ בלתי,920) 'N'72,920) 'N'72,needs_italian_review,920) 'N'72,semantic_review,920) 'N'72,semantic_review,current,,,,
BP0333,10491,Purple,12,143,להפיל,להפיל,drop,drop,needs_italian_review,goccia (f.); caduta (f.),,goccia,,docker_safe,,,,
BP0334,10492,Purple,12,144,שאלה מכשילה,שאלה מכשילה,trick question,trick question,needs_italian_review,domanda ingannevole; domanda trabocchetto,,trucco,,docker_safe,,,,
BP0335,10493,Purple,12,145,להיכשל,להיכשל,"to fail ; to falter, to stumble","to fail ; to falter, to stumble",needs_italian_review,fallire; vacillare; inciampare,,fallire; vacillare; inciampare,semantic_review,docker_safe,,,,
BP0336,10494,Purple,12,146,להכשיל את,להכשיל את,"to flunk, to cause someone to fail","to flunk, to cause someone to fail",needs_italian_review,bocciare; fare fallire qualcuno,,qualcuno,,docker_safe,,,,
BP0337,10495,Purple,12,147,חוסר אונים,חוסר אונים,"helpless, hopeless","helpless, hopeless",needs_italian_review,indifeso; disperato; senza speranza,,sperare,,docker_safe,,,,
BP0338,10496,Purple,12,148,"דתל""ש, דתל""שית","דתל""ש, דתל""שית",No longer religious,No longer religious,needs_italian_review,non più religioso; laico,,religioso,,docker_safe,,,,
BP0339,10497,Purple,12,149,משני,משני,secondary,secondary,needs_italian_review,secondario; minore; sussidiario,,secondario,,docker_safe,,,,
BP0340,10498,Purple,12,150,כותרת משנה,כותרת משנה,Secondary title,Secondary title,needs_italian_review,titolo secondario; sottotitolo (m.),,secondario,,docker_safe,,,,
BP0341,10499,Purple,12,151,מקריות,מקריות,"coincidence, happenstance","coincidence, happenstance",needs_italian_review,coincidenza (f.); caso (m.),,coincidenza,,docker_safe,,,,
BP0342,10500,Purple,12,152,מסר,מסר,"message, moral","message, moral",needs_italian_review,messaggio (m.); morale (m.),,messaggio,,docker_safe,,,,
BP0343,10501,Purple,12,153,למסירה,למסירה,Giveaway,Giveaway,needs_italian_review,omaggio (m.); lotto di premi; regalistica (f.),,omaggio,,docker_safe,,,,
BP0344,10502,Purple,12,154,לכאורה,לכאורה,"seemingly, supposedly","seemingly, supposedly",needs_italian_review,apparentemente; presumibilmente; a quanto pare,,apparentemente,,docker_safe,,,,
BP0345,10503,Purple,12,155,ניתן,ניתן,possible,possible,needs_italian_review,possibile; fattibile,,possibile,,docker_safe,,,,
BP0346,10504,Purple,12,156,להתחרפן,להתחרפן,to go crazy,to go crazy,needs_italian_review,impazzire; diventare pazzo,,impazzire; diventare pazzo,semantic_review,docker_safe,,,,
BP0347,10505,Purple,12,157,מחדל,מחדל,"Major mistake, negligence","Major mistake, negligence",needs_italian_review,errore grave; negligenza (f.),,errore,,docker_safe,,,,
BP0348,10506,Purple,12,158,חריג,חריג,"exceptional, unusual","exceptional, unusual",needs_italian_review,eccezionale; insolito; straordinario,,eccezionale,,docker_safe,,,,
BP0349,10507,Purple,12,159,מתבקש,מתבקש,"“Asks itself, begs the question","“Asks itself, begs the question",needs_italian_review,"“Asks itself, begs the question",semantic_review,"“Asks itself, begs the question",semantic_review,current,,,,
BP0350,10508,Purple,12,160,על הבוקר,על הבוקר,first thing in the morning,first thing in the morning,needs_italian_review,al mattino presto; di buon'ora,,primo,,docker_safe,,,,
BP0351,10509,Purple,12,161,לעמוד בזמנים,לעמוד בזמנים,To be on time,To be on time,needs_italian_review,essere puntuale; arrivare in orario,,tempo,,docker_safe,,,,
BP0352,10510,Purple,12,162,לעמוד ב,לעמוד ב,"to withstand, to be for something","to withstand, to be for something",needs_italian_review,resistere; sostenere; appoggiare,,resistere; sostenere; appoggiare,semantic_review,docker_safe,,,,
BP0353,10511,Purple,12,163,לעמוד במשימה,לעמוד במשימה,To be up to the task,To be up to the task,needs_italian_review,essere all'altezza; essere capace,,compito,,docker_safe,,,,
BP0354,10512,Purple,12,164,ליתר דיוק,ליתר דיוק,To be precise,To be precise,needs_italian_review,per essere precisi; per l'esattezza,,preciso,,docker_safe,,,,
BP0355,10513,Purple,12,165,לתאם,לתאם,"To coordinate, to schedule an appointment, to synchronise, to liaise","To coordinate, to schedule an appointment, to synchronise, to liaise",needs_italian_review,coordinare; fissare un appuntamento; sincronizzare,,coordinare,,docker_safe,,,,
BP0356,10514,Purple,12,166,להקפיד,להקפיד,"To be strict, to be careful, to do something as it should be done","To be strict, to be careful, to do something as it should be done",needs_italian_review,essere rigoroso; fare le cose per bene,,attento,,docker_safe,,,,
BP0357,10515,Purple,12,167,₪ בשל,₪ בשל,ra,ra,needs_italian_review,ra; sole (m.),,ra; sole (m.),semantic_review,docker_safe,,,,
BP0358,10516,Purple,12,168,להדביק את,להדביק את,To infect somebody,To infect somebody,needs_italian_review,infettare qualcuno; contagiare,,infettare,,docker_safe,,,,
BP0359,10517,Purple,12,169,להידבק מ,להידבק מ,To be infected by,To be infected by,needs_italian_review,essere infettato da; contrarre (malattia),,,missing_from_docker_final,docker_safe,,,,
BP0360,10518,Purple,12,170,להתפשר,להתפשר,To compromise,To compromise,needs_italian_review,compromesso; transare; scendere a compromessi,,compromesso,,docker_safe,,,,
BP0361,10519,Purple,12,171,להתנהל,להתנהל,"To manage yourself, to conduct yourself","To manage yourself, to conduct yourself",needs_italian_review,comportarsi; gestirsi,,,missing_from_docker_final,docker_safe,,,,
BP0362,10520,Purple,12,172,קלקול קיבה,קלקול קיבה,Food poisoning,Food poisoning,needs_italian_review,intossicazione alimentare; avvelenamento,,intossicazione alimentare,,docker_safe,,,,
BP0363,10521,Purple,12,173,מלכתחילה,מלכתחילה,"In the first place, from the beginning, all along","In the first place, from the beginning, all along",needs_italian_review,innanzitutto; da sempre; fin dall'inizio,,primo,,docker_safe,,,,
BP0364,10522,Purple,12,174,משק,משק,An economy or a farm,An economy or a farm,needs_italian_review,un'economia; un'azienda agricola,,economia,,docker_safe,,,,
BP0365,10523,Purple,12,175,משק בית,משק בית,"Housework, all the required household chores","Housework, all the required household chores",needs_italian_review,lavori domestici; faccende domestiche,,lavori domestici,,docker_safe,,,,
BP0366,10524,Purple,12,176,משק עבודה,משק עבודה,"Job market, work market, all the jobs in the economy","Job market, work market, all the jobs in the economy",needs_italian_review,mercato del lavoro,,economia,,docker_safe,,,,
BP0367,10525,Purple,12,177,להתאשפז,להתאשפז,"To be admitted to hospital, to be hospitalised","To be admitted to hospital, to be hospitalised",needs_italian_review,essere ricoverato; entrare in ospedale,,ospedale,,docker_safe,,,,
BP0368,10526,Purple,12,178,מזווית אחרת,מזווית אחרת,From another angle,From another angle,needs_italian_review,da un altro angolo; da un'altra prospettiva,,angolazione,,docker_safe,,,,
BP0369,10527,Purple,12,179,מנקודת מבט אחרת,מנקודת מבט אחרת,From another point of view,From another point of view,needs_italian_review,da un altro punto di vista,,vista,,docker_safe,,,,
BP0370,10528,Purple,12,180,תרגום מילולי,תרגום מילולי,literal translation,literal translation,needs_italian_review,traduzione letterale,,letterale,,docker_safe,,,,
BP0371,10529,Purple,12,181,בקטנה,בקטנה,no big deal,no big deal,needs_italian_review,niente di grave; non è importante,,,missing_from_docker_final,docker_safe,,,,
BP0372,10530,Purple,12,182,= כיום,= כיום,nowadays,nowadays,needs_italian_review,oggigiorno; al giorno d'oggi,,oggigiorno,,docker_safe,,,,
BP0373,10531,Purple,12,183,...מודע ל,...מודע ל,aware,aware,needs_italian_review,consapevole; informato,,consapevole,,docker_safe,,,,
BP0374,10532,Purple,12,184,להיאלץ,להיאלץ,to be forced,to be forced,needs_italian_review,essere forzato; essere costretto,,essere forzato; essere costretto,semantic_review,docker_safe,,,,
BP0375,10533,Purple,12,185,תכונות,תכונות,characteristics,characteristics,needs_italian_review,caratteristiche; proprietà (f.),,caratteristiche,,docker_safe,,,,
BP0376,10534,Purple,12,186,עקרוני,עקרוני,Out of principle (adj),Out of principle (adj),needs_italian_review,per principio; per questione di principio,,principio,,docker_safe,,,,
BP0377,10535,Purple,12,187,להתעסק,להתעסק,"to deal with, to busy oneself with","to deal with, to busy oneself with",needs_italian_review,affrontare; occuparsi di,,,missing_from_docker_final,docker_safe,,,,
BP0378,10536,Purple,12,188,הארה,הארה,Epiphany,Epiphany,needs_italian_review,epifania; illuminazione (f.),,,missing_from_docker_final,docker_safe,,,,
BP0379,10537,Purple,12,189,לא יקום ולא יהיה,לא יקום ולא יהיה,Under no circumstances,Under no circumstances,needs_italian_review,in nessun caso; per nulla al mondo,,circostanze,,docker_safe,,,,
BP0380,10538,Purple,12,190,מיטב כספי,מיטב כספי,Good money,Good money,needs_italian_review,bei soldi; soldi che valga la pena,,soldi,,docker_safe,,,,
BP0381,10539,Purple,12,191,יסודי (בית ספר),יסודי (בית ספר),elementary school,elementary school,needs_italian_review,scuola elementare,,elementare,,docker_safe,,,,
BP0382,10540,Purple,12,192,יסודי,יסודי,thorough,thorough,needs_italian_review,minuzioso; approfondito; scrupoloso,,ruvido,,docker_safe,,,,
BP0383,10541,Purple,12,193,קלמר,קלמר,pencil case,pencil case,needs_italian_review,astuccio (m.); portamatite (m.),,astuccio,,docker_safe,,,,
BP0384,10542,Purple,12,194,להתרוקן,להתרוקן,to become empty,to become empty,needs_italian_review,diventare vuoto; svuotarsi,,vuoto,,docker_safe,,,,
BP0385,10543,Purple,12,195,לרוקן את,לרוקן את,empty,empty,needs_italian_review,vuoto; deserto,,vuoto,,docker_safe,,,,
BP0386,10544,Purple,12,196,לסתום,לסתום,"to seal, to plug","to seal, to plug",needs_italian_review,sigillare; tappare; stappare,,sigillare; tappare; stappare,semantic_review,docker_safe,,,,
BP0387,10545,Purple,12,197,לנער את,לנער את,to shake,to shake,needs_italian_review,scuotere; agitare; tremato,,scuotere; agitare; tremato,semantic_review,docker_safe,,,,
BP0388,10546,Purple,12,198,בריונות,בריונות,bullying,bullying,needs_italian_review,bullismo (m.); molestia (f.),,bullismo,,docker_safe,,,,
BP0389,10547,Purple,12,199,בן לילה,בן לילה,overnight,overnight,needs_italian_review,durante la notte; all'improvviso,,durante la notte,,docker_safe,,,,
BP0390,10548,Purple,12,200,תביעה,תביעה,lawsuit,lawsuit,needs_italian_review,causa (f.); azione legale,,causa,,docker_safe,,,,
